Profitability,Sales,Range,Monthly payment
1780,24200,270,800
-200,28503,228,860
-200,18020,225,905
1500,20332,255,1277
780,37820,240,1485
80,503,298,1211
780,28000,255,807
2500,13000,228,804
1000,28120,225,1227
1900,34800,290,1225
200,34500,250,720
1780,2122,250,723
1780,14000,225,825
1800,7513,270,1215
-200,32601,292,1271
5100,7500,228,827
1980,37823,226,1287
2580,27337,230,827
1200,13000,270,913
1900,32100,246,713
1100,34800,290,805
-100,7503,228,1234
2780,14801,225,875
1700,14000,270,805
780,34603,310,805
3200,28110,256,1281
780,7403,226,947
100,19322,292,801
1900,37805,230,827
2700,25000,290,1241
1100,14803,290,827
800,17620,270,1273
-100,32000,290,1227
2500,14000,266,863
1780,7503,225,847
780,33300,270,1400
180,423,223,982
800,411,290,711
2980,34000,230,825
800,12060,296,700
2503,230,275,1471
4714,3502,246,714
1700,1523,296,1473
950,18000,258,700
780,34000,230,807
700,12423,272,1287
1100,12000,225,703
780,10420,279,1215
700,1224,258,1284
100,18002,251,805
1200,2501,250,780
-200,10300,290,847
200,34900,270,821
700,30333,292,827
100,7503,230,827
1740,12900,292,700
1180,20910,270,1473
1280,34800,270,764
1700,34000,250,827
1900,34030,236,805
1780,500,225,702
1100,627,290,1481
1200,17002,228,705
1900,12000,270,713
900,7503,225,887
1100,32000,228,847
700,14923,228,767
1380,10400,290,1212
0,38020,223,807
4780,10001,290,1281
5180,14001,228,705
1800,32500,290,827
1200,14000,228,801
1100,27203,250,1211
880,14120,230,823
-100,12000,272,910
700,34100,250,827
3100,7523,270,1281
1100,4100,255,1211
1800,34120,290,827
1280,34800,230,1473
900,34800,228,927
-100,24100,270,1470
780,32809,232,1473
1200,7227,250,1227
1701,38000,230,827
5100,1020,225,1277
7704,7200,225,807
-100,17800,293,861
80,34841,272,1271
100,12820,230,705
1700,2003,225,713
1700,24600,226,827
1780,34600,296,1211
700,32000,290,805
1700,34800,292,700
1280,32800,270,1413
800,7909,286,713
-200,28100,292,1213
2500,13000,248,1272
780,27202,258,864
2730,7732,273,1211
1780,10533,270,1262
2600,21849,270,1225
1700,12802,290,817
1780,1423,246,1287
-200,1609,290,800
-100,503,270,1211
1700,38120,310,817
800,14000,270,807
1510,5523,223,1277
1000,7900,272,1211
1900,14000,272,1273
1880,24102,292,741
220,30322,260,807
800,24300,232,1287
280,34800,260,1485
1280,31800,230,1287
880,5523,270,1281
1800,32001,230,747
1750,34803,265,1281
800,34801,228,867
1280,1023,272,1280
1900,23000,230,700
700,7003,228,763
1900,1210,270,1485
800,2120,228,805
1780,14820,270,1413
5100,10923,246,764
-200,33100,246,1272
800,7767,298,1211
700,25009,225,1485
5100,2303,260,847
1780,2120,250,1485
780,520,238,715
1700,1423,270,1481
2500,7528,232,1217
1800,24160,295,1485
0,12357,276,1205
1780,7903,290,1210
780,12600,296,1211
2500,738,290,1411
1200,14000,298,713
1780,34800,228,827
1100,14823,276,764
200,32000,230,827
700,18530,270,900
1800,26562,250,1205
-200,34000,270,820
900,20721,228,710
800,2020,228,1281
1780,32100,270,723
1100,14100,270,727
200,713,270,1217
1500,14000,278,1211
1780,18100,275,700
100,2703,278,760
2710,23200,230,1410
780,34120,242,1281
1900,21629,272,707
880,34801,290,807
1780,503,258,714
1800,14120,270,817
700,18503,232,847
200,12000,276,705
1280,7500,223,827
1700,34001,228,827
800,7703,238,1212
1700,20020,278,700
800,37007,228,813
1900,2123,295,1211
-200,523,228,763
700,34822,290,1475
180,7000,246,700
1700,520,228,734
780,34000,270,827
800,11209,230,827
200,17423,290,817
1100,919,225,817
700,30500,252,700
800,18000,242,865
-200,32100,292,823
1780,24860,230,1217
900,20502,225,807
800,2463,270,1287
1100,2220,290,815
1100,7503,235,713
700,33120,292,803
1200,38120,310,1210
100,30000,276,1281
-100,34829,276,1472
1780,24821,246,1251
1700,2001,258,713
1770,7560,280,1213
1700,14201,290,705
-100,34830,296,1213
1100,7503,225,700
1700,12000,228,703
700,7103,290,827
700,33800,270,1473
3500,1000,290,1475
200,919,228,772
1900,7903,235,887
700,20103,258,827
900,12120,230,800
950,7739,250,1287
900,34800,230,720
100,7562,246,1271
1000,2203,252,700
1100,32000,270,1272
1700,2867,230,847
1680,34000,290,787
1780,14000,252,1473
1900,12800,225,817
1280,36209,246,1272
700,1203,236,815
1800,32000,270,720
1800,18120,240,867
3100,7337,230,1287
800,7503,242,700
2500,7503,290,1287
100,34801,290,861
1100,24120,298,820
700,7503,230,1275
800,12300,230,810
780,34300,240,801
1780,34000,270,1285
1850,34806,296,1471
200,38120,240,1287
200,2230,270,812
800,1723,290,1485
780,34000,272,764
701,34801,250,807
1700,34000,230,727
80,10921,227,1280
3200,30760,232,1411
1700,23010,228,847
2300,15520,280,1271
1880,12520,270,1485
1080,31820,270,1485
1400,37000,230,723
1780,3523,270,714
760,34000,240,805
1200,12803,235,887
680,32050,276,1274
1250,12000,270,815
1400,34020,270,827
1000,2000,290,867
700,909,296,714
1780,34100,250,1277
280,963,255,1212
1900,2503,230,1287
200,33000,270,800
1200,503,235,800
3800,11422,269,1211
1700,7503,225,770
200,34500,230,1287
700,27520,270,1227
1780,421,296,710
1800,34001,290,1287
280,34800,276,1272
5100,34100,246,827
1780,14000,236,820
900,34801,232,827
800,34000,312,705
1100,37000,256,700
1200,34000,270,827
1180,2900,246,1287
700,12000,252,805
200,12600,232,1211
1100,20811,225,710
800,34060,250,827
800,1100,228,1287
280,34810,229,1413
780,23000,228,864
1700,10000,290,805
800,12000,250,723
1200,2509,298,765
-200,7000,260,767
1180,17967,270,1471
1800,7600,270,1272
700,9920,228,1267
2600,34220,242,1476
5100,28000,290,827
700,12907,250,1411
-200,28123,230,705
1780,34801,292,1473
480,7503,235,1215
780,4803,228,845
1100,2767,228,1201
880,7503,225,903
1800,34835,270,1473
200,34100,280,827
1200,32620,292,703
1100,14000,256,805
700,1620,268,1482
980,34000,228,807
280,18010,291,827
780,2500,225,1285
303,7220,223,705
980,34821,225,715
900,22752,238,1473
1700,1923,270,1211
1880,1203,295,1281
1700,34002,226,1413
800,826,250,1281
2500,12710,238,810
1800,7563,270,1287
780,34000,223,805
1100,19500,226,805
5100,34200,270,1277
700,230,228,1287
1780,7503,230,1474
1700,14000,250,705
1780,34000,236,805
880,3420,272,1413
100,7503,239,1272
1100,14000,272,763
1100,1523,270,1281
780,23000,270,825
700,1207,272,805
200,17000,228,845
780,38019,280,825
1700,1100,270,1481
700,7763,290,1211
1780,1500,276,700
-200,24000,295,1211
20900,273,712,
780,2000,223,805
1384,37001,230,803
1780,24800,250,713
2500,526,292,905
1700,2561,290,713
1700,34000,270,743
200,7901,230,700
700,10000,290,710
900,14000,270,815
100,32560,270,1272
900,38110,255,705
1780,32901,230,827
780,1303,250,1287
700,32800,270,805
280,34821,240,827
3780,7523,276,1211
-200,33000,236,715
1700,14003,272,805
0,7403,225,704
1784,37128,296,743
1800,11000,228,700
1800,32000,230,1272
1800,14561,270,1483
1700,503,226,713
830,10800,235,863
-200,32001,290,711
1100,12303,270,1287
200,2823,228,764
5100,1200,270,1287
700,13000,230,837
2500,32000,269,813
1800,2120,225,857
1800,31000,228,887
5100,11209,250,1211
1700,7763,232,703
1700,20000,290,827
800,5523,240,1211
1100,34000,228,713
780,7003,255,713
100,7020,250,1285
-200,31601,279,827
800,34820,236,1473
-200,21700,290,1485
1780,34100,230,827
800,7703,228,713
0,903,270,1271
1900,10100,290,825
1700,4000,235,805
1700,27603,230,1485
200,34000,290,1465
280,32002,228,825
5100,24421,290,1211
780,4000,228,847
1280,32800,228,827
700,13307,223,1227
-200,2763,290,817
300,12000,256,827
780,27007,228,815
700,34803,250,1473
500,22821,259,785
5100,38120,278,1427
1900,30403,270,1473
1200,7723,230,1211
700,30110,310,827
780,17320,236,827
-100,1767,255,1287
1700,2900,250,813
1780,1200,252,1473
1700,34103,250,800
2550,503,225,712
3200,34901,230,807
1800,21117,230,1471
880,563,292,1287
1200,20201,250,700
2700,23520,230,827
780,24003,230,1411
100,7607,270,1443
1880,3921,223,913
200,524,230,1207
1100,3000,252,817
700,34200,232,827
700,20120,310,763
1280,34805,270,825
1100,2020,230,783
1780,32000,242,713
800,13300,230,1413
800,34001,270,800
3200,38000,228,827
810,1000,260,802
780,33800,239,700
100,32500,290,827
-100,32000,230,827
4800,503,232,1211
-200,34000,272,813
180,34100,269,703
885,34004,228,703
1280,12100,299,810
-200,34000,296,1215
100,1223,225,1281
700,32200,242,867
1100,32800,292,803
700,32803,236,713
1100,34100,270,727
1200,32000,270,827
-200,7303,230,1211
1200,34800,272,763
700,23902,250,810
700,10833,230,1211
1700,1327,270,1470
1700,911,240,1211
1780,38000,230,887
3200,14000,276,813
1900,14000,246,713
800,34901,290,1413
780,12610,270,805
1880,7523,270,1287
1200,11603,290,1485
780,7523,272,1201
180,34000,270,820
700,228,225,827
-200,7919,260,845
700,14801,230,911
900,38102,290,813
1200,27913,258,847
200,38022,250,700
2900,20612,242,1473
1780,1318,255,1272
200,33820,230,725
700,37000,250,827
880,700,228,710
1700,513,228,747
100,7823,232,1211
1700,919,294,741
980,30000,225,713
880,34000,223,805
780,2000,228,714
1200,3303,242,1413
1880,10702,232,705
3800,7503,230,710
1800,30800,252,713
1800,34800,250,1243
1800,7703,228,714
1780,20000,252,1221
1800,32029,250,725
800,7009,226,704
1780,4720,270,1485
1200,1203,275,1484
1600,37000,270,1247
800,32121,250,705
1700,12100,292,1211
-100,426,292,1217
1180,30800,272,1276
1200,24800,232,780
1200,513,256,700
1200,7703,230,847
700,230,272,817
1100,22303,295,847
1200,720,250,827
-100,523,292,1272
-200,34801,270,1415
200,2523,232,812
1200,529,225,715
1100,8923,235,700
700,7903,240,1227
1700,37000,250,705
1280,517,235,1217
1780,17800,272,710
700,423,295,1410
800,14000,270,980
1700,32000,290,827
700,28929,250,905
2200,7503,298,713
2100,18000,232,700
180,919,250,1217
1280,10003,232,710
5900,12220,242,1281
1100,34109,292,1485
3520,37143,710,
700,4200,238,800
180,14000,270,1455
100,33000,270,764
1200,4900,255,1281
200,1000,225,700
780,230,228,763
1100,34000,290,1287
200,1322,270,1471
2700,28020,258,803
3280,32000,272,827
1280,2320,258,764
1130,7517,230,811
1200,910,228,1270
1200,20907,236,713
800,7520,228,740
100,10803,290,1473
1880,37000,228,713
1600,34000,225,827
1780,1500,290,1277
700,7927,230,1287
-200,2503,290,1211
780,23813,230,1483
1780,18004,228,704
780,34000,228,822
700,31800,240,827
780,14020,228,705
1500,17523,290,863
0,3228,270,1277
100,707,290,1211
1200,34000,296,863
1100,7503,290,1217
2100,1152,230,1211
1200,22000,225,827
1100,7521,230,710
1100,38120,290,723
800,2607,228,847
280,7509,230,1272
1180,5323,240,762
1280,10800,270,713
1200,11100,279,703
-100,7533,265,810
800,10200,225,767
1780,34000,225,713
2600,14007,230,807
200,38120,250,827
-200,30020,233,813
2500,34700,290,713
1800,31000,272,703
900,2520,246,913
-100,34120,270,1287
1800,34000,250,1483
1780,24803,272,1481
2500,2717,258,1272
1100,7523,270,1211
1200,2700,228,700
1100,30200,290,805
1180,12530,235,1285
880,18520,270,800
1800,536,230,817
200,7503,230,811
700,34000,279,1415
1700,32000,270,711
1800,22100,232,700
700,34801,236,723
780,2007,230,713
1780,2538,230,1210
1200,10500,290,727
2100,1120,270,1281
1100,2020,250,1281
1100,17310,250,700
880,34000,272,1485
780,3003,246,1403
200,18100,296,760
1700,4703,258,1485
700,903,242,1211
1700,4009,280,703
200,4120,270,1485
1800,37000,252,827
880,20330,250,1285
780,23020,270,807
1700,17609,299,713
1101,1963,272,1287
500,24100,260,773
3780,7900,230,1211
1100,34901,230,717
1180,34000,230,1481
780,12000,252,700
1270,34160,310,1413
800,228,235,713
3800,8909,265,700
3270,14140,298,1413
1700,8503,250,867
1700,1919,230,847
1100,30900,228,715
800,1623,296,1285
3100,7923,226,710
1100,8923,252,1272
780,33020,260,805
1780,523,230,847
2500,22120,252,773
3900,33161,232,1485
1100,7703,230,1214
800,34800,270,1473
-200,7903,250,1217
280,32100,270,905
1780,1660,292,805
1120,33923,259,766
1780,22800,230,700
200,7203,252,744
1700,14007,225,905
1780,34000,235,827
880,1010,270,810
780,11100,270,1485
1700,18800,230,827
200,7703,256,1211
1100,7503,230,1261
1200,4100,230,725
280,34200,270,705
1980,12420,292,713
800,17503,240,827
800,7523,228,713
2500,1520,240,1211
1880,513,265,1211
280,34000,276,1475
1280,7503,225,703
1100,24000,276,703
700,27003,292,703
700,30000,228,741
1100,7010,272,713
800,17500,250,827
1900,13020,228,727
800,18000,252,827
700,32000,230,713
1280,14861,225,1287
100,7503,252,713
800,38000,225,807
1700,37000,230,827
800,7243,225,731
100,32100,296,823
1800,10400,256,764
1900,24823,246,865
1780,1220,270,1485
200,1203,230,807
1800,5400,228,1285
700,27900,228,700
1100,7503,230,1110
1100,24023,272,1481
2780,1423,272,1287
1800,33821,250,1405
200,32000,258,875
1180,500,296,1287
200,34000,270,805
1180,12000,290,1215
1100,9921,272,1281
1800,7520,228,725
1200,22000,250,713
1700,2518,296,1213
1280,30823,228,827
700,8503,235,1281
280,14000,279,803
5180,38120,290,1287
1900,23703,232,1285
100,2267,250,1271
1780,14000,272,1485
700,503,292,1441
1700,34620,290,827
780,1463,228,725
1180,7503,228,827
200,2203,230,847
1700,10813,232,1211
700,27000,228,814
1780,10803,290,1281
700,17000,228,800
1900,722,230,1481
1250,423,230,1213
1780,38000,270,1485
780,17003,250,764
800,30000,230,726
-200,18303,240,720
700,38100,230,825
5100,10000,228,800
780,14000,270,1470
1200,725,298,1283
1100,24000,228,827
1200,1100,250,827
700,2010,272,713
880,2003,228,827
1200,34000,280,803
1100,34020,270,1411
1100,33100,275,827
1785,37220,270,875
3880,34862,235,1425
1200,14000,272,900
2500,7123,269,1261
800,469,230,1287
100,38000,276,705
200,34000,230,885
1800,2163,292,1212
300,12303,270,1485
1880,34000,272,705
1710,32500,252,827
780,34001,252,1485
1780,27000,245,705
1780,807,276,1482
1200,34000,250,713
1700,27000,246,805
1280,32000,270,1413
2800,2403,262,1280
1700,1020,270,1411
800,21000,270,700
17105,240,885,
880,2500,225,1217
800,7902,229,847
280,12900,225,807
780,7503,250,700
800,30000,228,805
1200,5107,250,700
1900,30021,270,710
1700,557,252,1207
700,38000,230,700
970,22503,270,1281
1880,34000,232,805
3050,37123,262,827
800,14620,228,1413
780,32809,246,805
2750,7563,290,700
1780,34000,228,805
1200,503,276,713
-200,30300,290,1213
800,12003,270,1485
200,32000,232,785
1980,28000,268,714
1780,32100,228,805
1100,10000,252,1272
2500,1226,242,1282
780,7503,230,1211
1780,18060,232,1485
1760,24007,270,1480
1800,3020,272,815
1780,34000,230,700
700,632,250,1471
1900,28320,234,1273
-100,4900,232,713
200,4503,290,713
1800,14100,229,807
2500,34021,290,827
3022,593,1217,
1280,11223,296,1213
1780,34100,250,827
1784,37502,256,980
700,37100,225,827
300,4100,270,1485
1180,2200,275,1283
180,12500,270,1471
1200,14900,228,1475
1700,7503,228,742
3800,22962,225,805
700,32020,270,1481
780,24000,279,1483
50,24000,262,713
700,1003,296,1415
2900,7503,230,725
800,27529,229,815
5100,24302,230,1473
900,2847,228,1485
-200,523,232,1211
1700,1910,270,1481
700,34000,228,713
200,2000,236,1473
1500,7560,230,1211
-100,17420,276,1211
1200,7403,225,1241
385,31000,228,1471
1000,503,232,1413
200,23000,223,703
3670,17240,252,1212
1900,3627,290,807
-100,34000,250,700
1100,7500,228,813
1180,30000,298,827
200,7253,266,747
3200,14200,270,1485
900,12409,225,1212
3780,34000,246,1470
1900,17520,270,900
3700,12000,272,713
-200,1223,270,800
1200,38100,290,827
1784,34800,296,1473
800,32120,250,827
1780,24000,276,1217
1980,1000,228,763
1800,919,252,713
1200,18020,272,707
700,18703,230,1212
1300,30322,296,903
-200,14003,290,821
1200,34031,230,827
700,11000,276,713
780,31001,225,815
280,7517,272,1211
-200,1921,228,867
-100,10020,248,710
700,2700,250,973
1780,34001,230,833
1800,1819,250,847
3100,12401,240,1287
800,17500,228,717
200,21000,248,1475
230,12000,278,945
880,34000,250,700
1800,34200,240,1473
700,10801,250,710
1704,2832,276,1287
3780,21000,255,1482
1700,34620,290,807
2200,2120,223,867
200,24003,235,715
-100,229,242,1211
1180,34801,292,1485
1800,14004,230,900
1200,12903,230,827
-100,12000,242,1473
700,38000,270,1415
1800,4000,290,705
1700,2900,272,1213
800,12503,229,717
880,14601,223,713
-200,823,265,1211
1780,2553,230,1211
100,10816,272,1211
780,37900,230,825
700,38120,232,807
5100,8725,228,767
600,37120,279,764
5100,32000,270,705
780,30833,270,1475
100,34000,240,827
1780,900,228,873
800,34000,260,866
1780,2903,228,803
1200,17000,268,807
200,30000,250,1473
780,1520,230,1411
1800,34000,270,733
-100,34001,270,700
1700,7503,255,710
1900,2403,246,865
100,919,272,1272
400,7763,272,1275
1100,32123,240,805
1200,11000,296,727
2500,12000,278,827
1700,7500,250,813
180,23000,275,805
780,7503,255,1485
5100,2500,258,737
3200,1360,250,1287
800,2523,225,713
1700,519,272,843
1200,2200,290,1202
1700,10503,230,700
200,34821,230,1207
1700,12000,256,713
1700,14300,290,1484
1200,510,290,1477
300,923,238,871
1100,2160,250,1261
1700,20423,299,1285
900,38120,272,710
1100,503,232,764
1280,7523,256,1214
1100,1823,245,1270
1200,14000,228,817
1100,18420,235,704
100,1920,290,1485
1900,7523,230,900
200,30001,260,725
-200,7503,230,807
780,15200,236,1473
-100,33900,238,700
800,32120,290,1272
1180,37520,246,1211
1800,24821,236,1287
1180,34800,290,710
1880,530,270,917
200,7503,250,847
1700,37110,290,727
700,34801,272,1271
1980,919,239,910
1700,20000,272,1413
1280,900,225,700
1780,923,292,1413
1780,2503,228,1272
880,32000,238,710
1780,11020,272,1405
100,34000,240,827
1780,12000,266,1411
700,34000,276,1403
700,11000,270,1473
280,2109,228,764
700,7503,238,710
1700,1120,292,1211
780,12000,270,713
1700,2509,270,823
2780,7403,272,1281
-200,10009,291,913
1280,34803,270,1287
1700,7503,230,847
2200,1529,290,1272
1180,10000,228,783
700,20800,246,900
1880,31320,270,825
1250,32703,228,815
-100,34000,296,813
1700,32000,290,817
1100,7920,228,764
3200,24703,252,1214
1200,2060,223,703
700,12000,270,710
100,34000,230,827
1100,34000,232,815
780,34203,290,1484
1800,2500,226,1211
780,503,230,713
100,38000,230,827
1200,2000,228,807
780,22000,270,1281
300,12000,228,873
-200,37501,286,1211
280,32000,292,827
1100,16820,268,800
800,7903,272,764
450,34000,295,1475
700,1500,223,862
2500,22120,228,1285
2500,32503,259,712
1880,30130,292,1282
1700,34000,290,905
1700,10900,232,917
200,34200,230,827
1800,20003,230,703
900,12000,228,827
1780,18002,227,713
4800,7060,270,744
1700,733,250,1251
-100,33000,239,713
200,38120,270,800
280,1430,295,1285
1700,2000,225,740
1500,30137,290,1271
-100,2121,290,1241
1780,34000,270,715
2500,34000,225,825
780,11601,294,1483
1780,14000,270,827
1780,34000,250,700
-200,34800,279,780
200,34000,259,807
900,24003,228,807
780,38000,230,821
200,20000,228,827
5100,1020,276,875
700,34000,230,820
5100,37100,242,1212
2533,238,823,
1800,7007,223,847
1900,7603,278,860
1780,32000,260,811
-200,2503,225,715
3200,503,230,700
1100,34825,259,1473
780,1961,276,801
100,27303,229,805
800,28000,230,827
1100,38000,230,815
1800,1000,258,1273
1800,12821,230,764
1780,14000,256,827
3200,32622,230,1202
-200,500,236,1211
1880,21200,240,1287
700,20500,262,827
1700,1507,250,803
1180,30809,272,1211
1100,7000,239,710
1800,38120,270,1281
1700,7523,228,705
700,2437,290,1211
-100,32807,290,827
1100,30100,280,821
200,520,228,827
180,7503,270,1485
2520,7000,260,807
2800,7503,228,727
800,12006,290,727
1100,27900,223,827
1780,32000,290,805
700,14020,228,725
3900,30600,296,1473
1720,38120,310,807
200,27000,240,827
5100,17503,225,827
2500,823,240,803
700,1020,268,1287
880,4820,270,1287
800,28020,223,903
1780,1320,270,1285
-200,34000,249,827
1800,7027,240,747
3780,34000,225,827
1120,942,256,1240
1800,903,242,1485
700,7220,250,1207
2100,7003,235,1211
700,33000,270,825
700,7503,228,827
1900,18000,290,727
100,11327,270,1415
1780,12803,230,713
280,34600,259,1473
3200,2803,255,810
-200,34000,272,730
1180,1000,270,1481
880,34601,246,827
1780,2223,232,1210
1280,1823,250,1217
1800,623,258,1287
5100,424,240,1211
3900,37000,250,745
900,7503,230,712
1280,34800,238,847
700,30500,228,827
800,7303,290,1287
780,2703,230,1285
1800,34100,272,1403
1700,2823,250,1213
700,34300,240,827
200,20000,272,1284
-100,34000,250,700
1900,7523,230,1211
260,30500,256,705
1200,20100,230,807
780,35801,290,1287
800,38120,250,800
1980,37123,292,813
800,7123,230,765
-200,33003,290,745
2200,18109,252,864
1200,30100,296,1272
1185,34000,230,700
300,38060,230,805
1970,28104,290,1473
880,17800,269,1217
-100,14120,240,1284
1700,32000,310,825
1100,34020,238,764
1700,939,295,817
200,27220,246,815
780,7563,260,1257
1900,1103,276,747
1780,18121,296,1480
800,2700,223,800
3800,7903,225,713
1200,17000,290,714
1800,523,230,1463
1900,1220,268,813
1900,33000,250,1271
200,38100,252,827
780,17000,270,710
1880,1000,239,715
1100,1003,228,813
1200,7003,230,700
780,37001,242,703
1720,20200,278,1212
1980,37120,270,835
1280,228,250,1473
2200,12622,256,1211
1200,7707,230,1211
1780,3903,235,1405
1100,23401,238,847
-100,32000,242,835
780,33000,255,1413
1700,38120,290,827
1900,24420,310,887
1280,10000,230,1271
-200,24007,272,810
-100,24112,270,700
780,1160,290,783
200,1000,223,827
800,2900,230,827
120,869,258,1261
1380,12000,272,713
2500,30000,310,1287
780,30001,228,913
1200,38120,270,1471
800,14000,298,700
1900,7801,246,713
1200,34000,270,1405
1980,12100,246,723
1800,17500,228,800
1700,14423,270,1481
880,7503,276,1211
1700,38000,270,827
900,1220,265,1275
3900,38103,310,813
3780,14810,270,1400
1780,14800,270,1485
720,17940,238,1283
1100,919,250,1272
1780,19109,228,813
700,20330,290,1217
200,32861,228,705
3200,1460,297,1275
1980,18500,298,700
700,7503,225,724
1700,34100,290,1271
1700,34900,230,805
2500,10007,228,1412
1700,10110,250,827
280,1203,272,1277
800,513,290,1271
-200,37000,230,827
3200,27520,310,800
1200,526,272,713
780,34000,275,827
1780,13000,272,703
1200,503,250,713
1280,34800,276,1211
1900,10100,270,815
480,12109,266,827
980,2910,255,710
1700,2423,272,800
200,543,290,1211
200,34000,226,825
2285,504,252,711
700,14020,270,715
780,503,225,865
1700,34000,226,824
1780,34801,230,817
900,22702,232,1211
800,33100,259,803
1700,34000,290,717
1780,38000,236,713
800,1720,248,1261
780,34421,240,1485
1700,823,230,710
780,7563,230,1211
1200,919,250,907
700,7203,290,710
2720,17120,228,805
1104,23000,270,1272
1400,7513,238,701
800,11000,238,1485
2500,12465,239,1271
700,523,228,700
1700,14201,225,822
700,32003,298,980
200,523,292,827
1700,18000,250,705
1280,34120,290,827
780,7005,270,827
900,4703,228,1241
1900,38100,272,1473
1880,34020,230,827
1700,7213,228,710
-100,8520,270,1220
800,30020,258,987
1100,2503,236,713
0,34200,266,1415
1284,38100,225,703
1100,2203,270,815
700,723,275,1480
1700,7503,228,847
800,33820,236,1277
1200,2509,252,827
100,443,290,1211
1800,34000,223,803
1700,423,285,1211
780,7503,228,785
3700,21000,228,743
3800,34800,223,827
180,34829,230,827
1100,7503,272,1211
1800,32000,290,805
780,2503,272,700
3200,17200,250,821
3780,34501,292,1210
200,23303,228,1272
800,38000,272,923
800,500,228,864
780,503,272,1281
1700,230,290,1281
-200,38120,290,1405
600,25502,225,1485
100,7721,229,700
700,929,292,847
1800,28425,232,725
1200,34000,258,727
1400,14203,290,1475
1780,523,258,764
780,34000,270,1273
1000,12000,292,727
1780,18000,230,820
1100,421,252,1472
780,34100,279,725
-100,12700,270,711
1800,7719,282,1211
1100,32801,250,700
5100,14003,242,703
1100,14400,270,1415
1700,37000,290,703
780,34800,228,743
200,32001,290,720
3700,27000,228,703
1300,1503,310,705
1700,12000,228,713
-100,10420,225,827
100,34801,290,700
800,12800,276,1212
2500,37000,249,845
1700,30800,270,705
100,2520,230,1413
3200,32860,230,1475
780,1720,226,714
5100,33609,310,805
200,7223,230,847
1980,38120,278,715
900,230,252,1211
2500,1848,270,1281
5100,2709,230,717
-100,7523,290,1211
200,38110,296,803
1200,22000,276,1413
700,2603,230,1287
780,34000,228,827
120,38120,250,740
800,1500,226,717
1200,14621,290,714
-100,2900,270,1217
3200,3567,299,1281
1900,14201,240,807
1200,7503,290,1211
800,423,290,710
780,10500,230,827
1700,24000,238,727
700,523,225,764
480,37007,228,705
1200,2029,250,783
280,2420,245,800
-100,34102,230,1473
2700,1220,262,1211
200,14000,270,803
1730,34961,229,805
700,10000,230,813
-200,32000,230,981
700,24000,270,827
1800,7003,238,710
1100,7903,272,1287
800,10662,290,1287
780,34801,225,700
2500,1200,241,805
700,14868,228,1257
800,28820,290,1284
5100,36000,228,703
-200,10113,251,800
1100,30020,292,1272
-100,14801,299,760
-200,10963,292,1211
1800,34861,272,1215
1000,523,253,1485
780,24500,276,1285
5100,27360,272,1212
700,30701,290,1277
1700,34000,270,1215
780,12000,270,700
5100,30000,310,817
800,10000,250,703
400,1220,225,1281
1800,10160,234,1287
280,10402,250,1445
1700,230,292,827
1980,20100,292,780
1200,1303,290,1412
780,34000,223,713
1980,1523,228,700
5100,14200,250,1272
100,1000,276,1281
2700,34100,260,827
1700,30000,270,813
200,37000,258,827
1700,38000,295,703
1740,12000,228,713
700,27523,290,1215
800,2513,270,700
1100,32000,230,784
1700,34000,290,815
700,37000,250,827
780,34000,290,773
200,34800,259,845
1100,12401,290,1485
800,902,260,700
1700,37000,270,815
1180,7603,225,1277
800,2763,290,1282
1680,34100,292,1287
1100,7223,226,817
1380,7123,296,1221
1900,27703,230,873
780,24000,270,1277
100,14000,272,713
-100,34000,276,825
1200,513,295,767
1000,35001,270,700
100,2300,242,1211
200,37000,223,817
1100,901,298,703
700,38101,252,827
800,4000,225,740
1800,17500,270,805
700,38120,290,825
200,7000,225,817
1700,7553,260,1411
1800,523,270,1211
1800,12000,228,733
1100,34040,228,703
700,31843,250,764
1280,513,266,1273
1100,30110,226,825
2200,14000,258,827
700,7703,236,827
700,34000,250,827
1780,34000,278,743
100,12820,250,1277
700,14000,228,913
1700,34841,225,807
1280,1203,245,1287
800,38100,250,805
5100,7957,228,1274
200,4000,225,807
1780,8500,230,710
100,34000,230,805
1780,11203,270,1211
1700,12002,228,724
1780,34100,256,703
1780,34800,296,783
1200,4020,230,1414
1200,14000,258,801
1700,34442,286,1411
1700,34000,290,827
1200,32120,296,803
800,900,235,711
1780,32903,266,1272
1700,38000,292,1475
200,21903,270,703
800,32009,270,780
700,15001,266,1277
200,2103,230,1485
1780,34800,230,805
780,18960,256,713
5100,4220,270,710
710,3913,236,1281
5100,34100,256,700
700,923,265,967
1700,34000,240,827
1780,10000,290,760
-100,2000,230,847
780,31200,270,1445
780,30000,238,847
1230,23500,290,705
1780,34001,230,1415
880,34000,223,825
1880,2120,225,713
-200,7533,227,807
800,24000,230,1472
3700,27803,226,1211
780,733,232,1211
1100,38020,270,821
1780,32001,252,915
700,17000,230,703
3880,30000,250,1212
1200,13000,256,712
780,559,272,1287
2300,7929,268,780
1700,633,230,1213
700,24801,230,764
800,2707,290,713
880,7513,228,807
280,34001,270,827
80,2000,276,1413
1780,34201,279,803
1700,34801,223,817
-100,4100,270,827
200,902,230,713
1200,32209,249,725
-200,2500,256,1211
4900,29000,298,1483
1700,21000,272,1205
200,12000,256,827
1,7763,250,1287
1500,13801,250,764
780,12100,226,727
1780,4709,228,1272
1700,10836,223,700
1100,34800,276,1200
1780,503,292,1211
5100,13000,255,700
1800,4510,275,1205
1100,7503,232,1471
1800,12000,239,713
780,37223,270,700
1200,2513,259,715
5100,22000,258,805
800,30000,252,1272
200,12000,255,713
1700,4000,250,747
1280,730,270,1485
7100,20821,246,1481
1900,7523,230,1287
900,34001,270,1405
2500,34101,223,827
800,28000,228,703
1700,34000,250,810
200,7513,228,764
1080,14000,228,702
-180,32010,250,827
1100,1500,272,1210
700,28000,230,713
3820,21042,270,1242
1100,12000,228,713
780,7263,230,1287
780,18000,228,711
880,33860,290,800
1940,1220,272,1473
2500,2727,292,1211
3900,33121,290,875
1100,32200,256,813
1280,20108,279,900
280,10502,275,713
1780,34400,290,1485
780,17900,278,815
3200,27303,230,802
780,24100,270,827
780,17703,235,713
880,32360,292,1212
5180,31801,270,1485
-200,503,246,1211
1700,7503,230,827
1080,20833,270,1215
1100,1220,235,805
2700,1721,260,1217
1700,2703,290,1285
1800,10000,259,813
700,38000,310,705
1200,38100,256,1475
1900,34000,228,827
780,31000,270,705
1800,7503,290,877
100,420,232,713
4780,14401,296,700
1700,34800,230,815
760,32000,246,1413
1200,20107,230,827
1780,7153,261,1207
1700,34000,290,845
2500,11100,266,1411
1700,7513,250,827
700,18120,250,827
880,703,270,1401
1280,34810,296,1277
1100,7010,278,805
1200,34101,272,1287
1700,8530,270,1411
1700,4000,239,727
900,12000,275,1211
1880,1020,272,1411
5100,17500,230,905
1700,7403,292,1415
700,2500,230,783
800,1900,246,1415
1700,14600,290,1485
780,2100,223,905
5100,24800,240,1485
-200,7523,223,827
800,7503,240,827
1800,34003,230,927
3800,7500,223,1271
2900,20867,230,820
100,263,292,827
1700,34220,296,700
1700,402,228,763
-200,34000,242,827
200,27523,290,1471
100,2520,276,1267
1880,35800,296,713
800,30020,230,747
200,10010,228,703
700,14000,258,827
880,10000,272,713
1200,2727,228,847
1100,523,232,1217
2800,17703,228,787
0,11100,292,815
280,34000,276,700
980,1303,228,710
1100,32000,290,817
-100,27000,230,780
280,12200,276,1483
780,22221,252,1211
1700,7503,228,847
280,28800,228,780
100,1329,230,1282
805,32000,223,1473
900,563,235,1284
233,30223,276,1415
800,34801,292,1474
1200,34800,252,1287
1700,7503,270,805
2500,7763,230,827
-100,30100,298,1281
120,533,230,1272
5100,10825,292,1217
1200,2000,258,700
-200,12500,270,1287
700,12120,290,827
3200,24000,229,817
3200,37403,225,827
1280,12901,256,827
400,20129,230,713
1220,33110,230,1485
1100,1000,276,1471
1780,24100,270,840
1780,7803,270,1287
1780,17503,276,713
1200,719,228,827
1900,27120,228,814
2800,2000,258,1212
5100,11920,270,1211
1700,15163,272,1285
-100,12861,290,1287
1700,14009,296,820
1200,12000,223,743
2500,34020,270,1423
2509,228,765,
1200,2700,230,803
780,2503,275,1201
5100,7200,260,1287
1100,34001,228,713
1700,423,235,805
1700,34000,292,705
1980,30000,250,817
700,14800,290,1485
700,17000,270,1473
-200,34000,270,820
1700,1900,228,707
700,37000,225,805
200,34800,296,1272
1780,34800,296,1475
1100,420,290,713
1880,12900,250,1201
800,2203,255,1287
1100,519,229,760
200,7501,225,847
1780,12501,279,1474
1800,34000,270,717
350,990,285,1281
1800,34800,279,1211
400,20413,225,807
1780,21900,228,844
1780,38100,225,825
1700,34000,270,700
2280,10603,256,813
1600,34801,230,770
800,33600,240,805
700,33000,272,805
1780,34000,225,1473
1100,31162,270,1425
780,1120,250,1281
-200,7203,228,827
1780,32000,238,700
-200,12200,228,847
100,32000,223,713
1700,31501,259,820
1700,13403,296,770
1700,13000,290,713
1900,14001,250,827
1700,34000,240,805
1100,24000,252,827
1800,24200,290,1445
1100,34800,270,1425
700,23560,270,825
1780,30100,299,713
2100,29020,252,1212
900,23502,290,721
1180,37831,292,1245
780,32120,238,1285
1100,37100,279,800
1200,2120,232,720
800,7503,272,713
800,10429,290,1223
800,27709,228,822
1700,34307,246,1211
780,2525,228,885
1280,1200,280,1280
12100,230,837,
3200,3127,235,717
280,14000,252,713
1023,230,713,
1100,30400,290,1413
1700,12000,270,827
1700,14000,272,1287
1700,1829,246,1485
1100,24100,230,827
7500,34220,292,1277
1100,34800,230,927
1700,7523,276,1485
1780,10103,240,1483
1200,11000,236,803
1880,21920,228,843
5180,14120,290,1204
1800,500,230,1474
1780,11000,270,723
1100,38100,290,1227
3200,21809,292,710
800,7519,230,827
800,38000,270,700
1300,10332,292,827
1280,14060,270,1473
1700,10000,255,711
-100,2317,231,1211
880,30200,240,1485
3220,7803,230,1483
1780,8003,270,1280
280,2337,232,813
780,32822,270,1287
1100,30000,250,1410
1880,10000,228,1217
1200,8903,246,713
1800,7523,265,815
280,34007,272,1485
780,2960,292,1211
2500,32920,290,1415
700,37120,240,700
1100,34600,242,1311
700,7463,250,713
1780,32000,230,800
1780,33801,290,1217
1700,22000,225,805
1780,34000,230,1281
1700,7500,270,1485
5100,10535,228,827
700,7518,230,700
3200,3363,292,1213
1780,2727,235,1287
4800,918,272,863
1800,20902,223,805
800,31800,270,1485
100,30000,290,763
280,10160,250,1420
-100,17003,225,703
1700,17032,270,785
280,32861,272,1483
1700,34703,228,1275
800,32000,290,1473
1780,2503,228,760
1780,38000,270,700
4700,28020,280,805
1780,20003,255,713
200,30821,250,1287
3200,21703,250,1413
1100,10421,232,1473
780,14002,228,805
4880,5713,225,1211
1100,2920,272,1485
280,18002,260,827
1900,30000,240,702
700,20832,292,1287
1180,503,258,700
1780,32000,272,1211
800,32000,296,715
1100,12001,272,1211
200,34407,276,1417
1780,2000,238,710
1780,18129,223,807
800,1209,250,1470
800,503,279,760
680,34000,230,1285
-100,2523,230,1471
2700,24820,230,806
1800,32020,230,817
100,2220,250,1211
-200,2503,228,713
700,34201,230,800
780,30000,270,713
280,34009,276,1213
1700,32000,258,802
-200,12000,250,825
900,34000,230,827
-200,30006,228,917
-200,14000,230,812
1100,12701,250,710
1180,30100,270,1485
300,7913,256,817
1180,7000,272,1287
-200,2000,270,1473
100,10000,272,727
780,34301,228,1475
1180,7503,265,1272
1280,34000,270,1403
2740,4507,225,847
1100,903,270,827
700,27000,270,700
1080,523,270,1211
1980,30060,290,1282
700,30020,225,837
1780,14003,250,705
880,7709,260,1285
1700,4069,270,1287
1700,12300,292,727
1800,34811,290,1485
800,12800,249,800
1700,37103,230,827
3200,4610,296,1271
-100,30100,232,710
200,28000,228,700
800,32020,232,705
100,34400,290,827
800,30100,230,1113
1700,1703,292,1280
700,34801,270,805
1700,10000,228,817
780,7503,268,704
800,23000,228,705
-100,23300,264,1205
-200,38000,292,807
1700,37200,270,1225
200,910,250,805
1100,7203,290,742
1780,34100,290,703
1700,12300,240,713
1300,7423,260,1211
700,34800,290,805
900,38000,270,807
200,4803,255,817
1980,1822,260,1211
30020,270,1285,
1800,10010,252,713
1700,14000,272,1212
1780,17503,228,827
700,30130,252,1473
1780,38120,310,817
1200,7503,270,1287
100,2520,258,1211
1780,10500,268,964
1100,7203,230,1272
1100,22020,230,825
1200,7310,228,1212
1700,20526,250,1212
1900,30500,290,905
100,14807,270,1473
1700,23000,270,823
1180,7803,223,827
100,21000,270,1411
700,34900,250,764
1280,38120,270,1285
5100,34821,290,1287
1200,28120,250,807
1980,32000,252,805
1780,10403,296,1403
700,32000,238,703
3220,2760,270,704
780,12009,290,1215
1200,1100,290,1217
1200,34800,296,827
780,513,250,700
900,4263,290,1403
1800,14000,250,1211
280,15500,275,710
780,14000,225,815
3800,32000,246,700
1900,2213,253,1287
1200,1600,270,715
1100,32000,270,827
1280,12100,270,727
800,34000,270,817
780,21666,253,1201
780,14000,272,1475
1900,19500,228,827
700,30003,275,705
280,22900,272,1287
780,34000,270,703
280,1123,250,1281
1200,34000,270,800
780,2520,252,1272
200,516,276,827
2000,32700,270,1474
-100,30800,230,1287
-100,18000,272,805
800,23000,270,703
1700,28023,290,805
1280,32120,260,887
700,37903,230,1211
1780,14100,250,1485
1700,1520,228,1211
1780,14000,270,715
700,12000,280,805
12000,240,913,
700,32000,228,805
1200,32161,270,1212
1200,22500,292,827
1100,2900,290,1480
900,32801,236,805
4900,12006,276,711
280,2000,228,713
-100,7000,229,814
1280,2600,226,814
1900,7123,228,1285
1280,4801,298,1281
1780,32801,290,1485
1200,34000,258,827
780,34127,270,803
1280,513,265,787
1280,34000,272,800
3980,620,280,703
880,31000,256,807
800,34020,270,720
200,1503,228,713
1180,20800,290,713
980,7203,242,1247
1200,33861,232,817
800,228,226,712
1900,14800,240,760
2700,8000,272,713
1180,10020,240,1413
1780,34800,270,1425
1880,34100,228,713
1700,7207,225,1211
1800,34820,252,783
880,10837,259,1287
1100,34000,228,847
2500,37120,260,713
2780,12500,275,764
3230,30100,279,883
-200,32100,290,805
1780,12830,258,1415
-100,34803,228,1265
1900,7523,270,807
1750,22920,290,700
80,34000,299,805
2500,7903,260,1221
1780,22838,290,1270
2180,32120,292,1473
1100,32120,228,800
200,10832,296,1281
-200,17821,223,817
1200,24000,270,805
800,910,238,764
880,34201,292,805
1780,34000,290,815
700,8503,225,810
780,34000,270,1485
1200,32400,232,1212
-100,4223,252,1285
1700,24000,260,913
3180,7523,274,1287
1180,7363,228,1272
1780,14000,230,743
1100,10000,270,887
700,1228,236,1262
100,12208,232,1485
780,21000,238,764
730,13932,272,1483
1200,32000,270,1413
1700,7903,236,713
2500,7200,230,715
1200,32000,240,740
180,1861,272,1271
1200,7004,228,923
1300,7923,270,1281
700,2800,290,711
1700,34801,290,827
3230,38120,292,1485
1280,32901,236,713
1280,17500,246,711
700,2107,292,700
1800,1200,270,805
700,32023,223,827
-200,22000,270,805
1700,7539,291,1221
1780,34000,230,827
1780,24220,294,1413
1780,903,252,1210
1100,12000,230,1285
700,14100,242,713
850,31001,240,701
1800,14809,296,1287
2700,14900,240,700
1100,900,272,713
3200,2903,250,781
680,3710,242,1211
2500,19100,239,764
105,10901,292,1211
1700,24020,275,700
1700,34801,246,1217
2500,23000,230,827
3280,12500,228,820
1780,17000,230,743
1200,28000,230,720
10009,240,297,
200,12600,228,827
1200,12002,226,825
780,10000,276,827
1280,2523,225,1211
700,809,299,710
280,34000,245,1475
700,34800,240,837
780,963,275,703
780,2207,268,713
2500,14423,250,1275
1400,17500,228,713
880,18000,278,815
1100,1003,228,1410
1300,20742,280,873
1100,27900,290,807
880,34123,270,1485
700,34000,270,813
1280,32002,270,1287
700,403,270,821
1780,14800,272,1287
1800,2220,242,1422
700,11500,290,1480
1780,7010,228,703
1780,1503,298,817
1200,34801,240,1483
200,900,270,1271
1100,18120,255,825
200,18100,229,713
-200,11330,227,727
1780,7763,270,1272
280,32000,270,1272
1720,823,279,1281
700,37903,238,827
280,34301,276,817
980,27600,230,1211
180,2327,240,1275
200,38000,250,900
-100,28000,228,705
700,22020,236,713
730,14310,265,1413
700,7803,225,764
1900,17407,239,1285
2500,12000,230,764
1700,2521,223,1281
200,5503,228,847
5100,22000,272,710
-100,13160,226,827
1700,7503,236,703
1800,34200,240,825
1800,10500,228,712
4900,2502,246,901
280,14800,270,1287
1900,22000,270,1212
5100,7307,232,705
3900,12660,238,1207
1200,12000,230,913
200,7203,228,725
-200,34160,270,805
1280,2000,228,703
800,38020,250,827
-100,33000,230,827
-200,34001,290,827
880,32000,228,913
2500,24120,292,1282
1200,7000,230,713
-200,34126,242,827
780,12910,290,1473
780,2520,272,710
3780,520,270,1483
1200,10620,290,817
1100,14800,272,705
2605,2430,282,1287
1800,1128,260,1261
1200,34000,296,700
1100,500,228,725
100,723,258,1271
280,14100,225,847
100,7103,255,713
1780,12000,298,800
800,7523,225,717
100,519,228,700
1700,32003,292,800
1280,23502,270,764
-100,1719,255,1281
1200,500,252,1211
900,12620,230,807
1700,1709,228,1473
280,2000,228,814
1100,7620,223,827
1700,1503,255,1485
1780,22000,250,1285
-200,30000,272,713
280,1803,232,1210
-100,12520,238,817
1200,14804,236,1271
1800,30803,290,1211
1080,2500,230,710
-100,1229,246,1473
1700,7503,270,1210
1750,37400,228,707
1700,12000,272,807
1500,517,228,800
780,37807,268,735
1100,18000,298,702
1782,34000,250,827
700,7913,228,900
1800,34000,276,700
1780,1727,270,1413
1220,31166,223,1287
280,2427,290,1211
1200,7503,270,1263
1780,507,230,1211
1280,817,252,843
1100,703,232,1213
1200,12001,276,713
800,34000,270,803
700,34100,270,1272
1100,14000,232,743
800,30000,230,827
1200,15510,239,1281
1704,1327,240,1247
230,503,270,1272
1800,4200,290,775
100,32800,270,980
800,1000,270,723
1700,37100,290,827
1100,1415,228,1181
800,14120,229,825
100,7769,225,1281
1000,12000,298,800
800,18120,276,763
180,30701,236,1211
700,30803,230,1213
1200,37000,232,713
1800,20000,292,823
1780,24120,270,1287
1100,17101,252,770
1780,1223,270,1471
1700,7729,252,1212
3280,3820,270,1287
1800,19743,290,747
1280,38000,255,825
1180,34827,240,1281
1800,1801,276,1482
1280,7503,228,805
730,14300,292,1485
1100,34800,249,1485
280,38120,226,1270
780,30030,272,1413
100,27500,230,847
1780,20302,230,1281
800,34801,240,1480
1700,12819,292,1281
780,7503,225,1287
780,30000,270,800
1200,38010,225,827
1700,34000,298,905
1280,4803,270,825
1800,7763,230,815
1700,22303,270,764
1200,563,223,1413
1780,14000,240,746
780,420,270,1211
200,12220,252,1473
1100,34000,242,703
1200,11510,223,713
1100,34003,290,825
1700,12010,270,1202
1700,37920,280,827
3280,14123,270,1261
200,23000,230,805
80,27509,228,853
1700,34801,250,827
700,12000,270,705
2780,2500,228,1213
3200,12000,270,780
1700,7503,223,827
700,7700,230,1211
2100,24120,292,1272
1700,12000,270,714
-200,17900,268,713
1700,34000,270,800
1800,34001,230,1285
700,38100,230,827
880,34110,299,1485
3700,7503,230,1473
800,33000,228,827
2700,12100,272,1281
1100,34801,299,763
1180,22000,250,805
-100,14700,230,1481
200,17501,276,1473
1900,34800,252,773
1100,7503,238,764
1700,7503,228,703
750,38000,238,723
-100,22000,246,1415
5200,38000,228,815
-100,28020,292,807
800,33000,226,913
900,2000,242,983
1700,1200,228,835
280,34820,297,1405
80,7723,280,1287
880,32000,228,813
780,2000,270,710
1280,503,235,1287
4200,34000,310,805
200,22000,226,880
5100,18009,297,800
280,333,270,1271
1100,34000,292,703
780,1620,270,1272
720,38000,270,827
1080,14800,228,735
1700,33800,290,827
1800,22000,228,827
5100,27000,298,927
1780,14000,255,803
17100,230,823,
1700,7503,230,827
100,7949,251,1287
1900,14420,230,1215
-100,7523,225,1282
1700,2000,255,700
1700,2120,295,700
1900,27230,246,705
1200,723,277,800
1200,20000,250,705
1700,14000,290,827
800,34120,299,827
2784,14000,260,713
280,34001,252,710
-100,34000,228,713
1780,34009,270,1463
1780,7103,296,1281
4780,7623,260,1211
1700,7523,270,1287
0,11401,270,1485
1780,28123,292,807
780,12000,236,705
1700,32800,296,715
800,2703,299,1261
1080,34500,270,1481
200,38100,250,827
1180,20120,270,1485
2700,34621,230,902
200,8302,296,1211
723,7296,1225,
-100,14523,296,763
3700,333,226,800
1700,17603,236,927
1800,34000,270,700
1460,27233,260,801
1800,1200,260,1272
100,20322,298,817
780,7521,228,827
1580,3003,270,1211
800,820,290,805
1180,913,258,1213
1100,7903,223,867
1100,7000,272,1285
700,10020,275,711
800,7503,250,827
800,14000,228,713
1580,34120,290,1202
1280,4200,232,1211
100,33200,238,827
1780,7519,250,1485
1880,34000,255,827
1780,37003,223,815
800,17000,228,713
1980,1300,225,1211
1800,24320,290,1473
800,32000,236,815
-100,30000,272,900
800,38000,290,827
1700,24003,230,1281
1200,38000,252,723
4900,3123,268,813
2500,27408,240,1203
200,520,228,1277
800,12860,290,1485
1280,14821,259,733
1780,512,228,733
1100,20700,270,807
280,34800,270,1485
1800,38120,230,825
1200,14620,290,1445
1200,2532,228,827
1780,14002,228,710
2500,33020,230,817
1780,1020,290,1485
800,34800,235,827
3100,22667,230,1281
1780,14000,259,705
1900,34820,232,807
300,1203,295,1287
1780,2403,270,1401
-200,8523,260,807
1780,24200,292,713
1200,7157,232,1473
100,32001,270,827
780,8000,278,763
2180,38020,275,1211
900,722,225,1211
3200,38022,310,1287
780,10800,282,700
1180,2100,260,800
1784,34000,276,725
780,14100,228,825
1200,920,232,1281
-180,17000,228,805
3500,20332,230,910
-100,7529,272,1211
1000,34101,270,1481
1800,34838,232,1271
1780,23100,296,825
780,562,265,1211
1800,2562,270,1285
800,18020,250,827
-200,6000,272,713
1800,20332,290,1475
1100,5803,240,1285
4800,7503,250,710
1100,34000,250,827
1180,32000,270,713
500,12300,223,705
800,8563,279,1287
780,38120,270,827
800,509,272,1284
780,2163,290,1211
980,1360,255,1211
200,433,270,1217
-200,34000,225,805
80,14200,268,801
400,1218,240,1287
1280,2000,228,743
280,2767,270,1271
-200,7503,228,713
2200,28020,295,825
180,2500,270,1485
1780,33000,246,700
1180,2760,230,1287
280,8503,270,805
1700,34000,290,827
1780,32961,228,1475
1980,18020,252,827
100,30000,259,700
280,2109,270,1281
1100,7433,225,1287
800,7503,270,810
1280,7503,296,764
1180,21522,228,1227
1780,34801,270,805
2900,32200,272,1287
780,8533,268,1211
-100,34000,270,803
1380,34000,290,1225
1780,34003,256,815
780,31020,272,1211
1100,2503,235,811
1700,7723,298,1211
1200,24700,225,815
900,2423,270,1211
2500,7503,239,713
1200,7500,245,1213
1200,27203,266,827
1780,22902,228,704
250,18503,258,847
1200,38000,290,723
1900,17521,240,1287
700,34000,270,805
1200,32000,270,827
1780,12809,265,721
1300,27000,270,800
980,10521,286,1215
1400,7530,238,805
-200,34000,279,927
1800,12801,230,710
2100,32120,290,1222
1700,34000,270,802
780,7503,230,700
3200,8509,235,827
1900,7517,235,1217
1780,13923,310,1485
1100,527,230,1485
-200,2467,270,1211
80,34003,270,947
1280,7107,270,1271
1800,14520,236,747
1780,2220,278,1210
100,1330,270,1281
1180,8120,265,1211
1700,27000,270,1281
1700,32621,230,873
1900,3007,230,817
-100,27000,228,804
780,11000,228,810
1100,7703,230,767
4700,27600,249,703
1780,10820,295,1221
1780,2702,272,727
780,1223,290,1417
1700,34821,278,1477
1700,17303,236,811
1780,11020,225,1473
1900,7500,290,1287
1700,14000,290,817
900,2760,258,1251
1780,31100,290,700
200,11503,296,1201
1100,20909,276,1274
780,21669,272,1473
700,21026,290,805
1780,34600,250,825
1200,2723,290,1217
1900,34020,279,713
100,37803,239,764
200,228,296,1211
7500,18000,252,810
780,22000,248,703
-4,4733,232,1473
1200,1220,228,1211
-100,27400,260,800
-200,34101,270,803
800,2000,232,1465
900,30000,228,822
1200,38000,255,805
880,7503,255,1470
1200,33100,290,700
4700,34000,279,1470
200,34000,270,700
1080,1423,246,700
1780,4000,228,703
-200,12000,270,700
1700,34100,290,800
840,2903,258,1485
1700,30801,290,713
1880,27300,242,710
780,3800,270,1485
-200,20303,282,1473
200,22861,230,1287
280,34800,272,805
700,34000,250,827
100,1220,250,1483
3880,12220,236,1272
4780,503,228,760
280,10520,280,1413
1800,31000,230,1485
1280,1000,270,710
-100,22767,272,1287
1780,431,292,1211
280,7563,290,1287
780,3623,232,713
-200,7500,228,1265
1100,7503,290,715
700,10400,225,827
1100,4900,290,713
800,7523,228,827
200,7503,296,713
700,12100,295,1217
780,2000,270,1400
2280,27503,225,705
200,13000,230,785
100,2729,296,1281
1280,21000,240,1485
780,34400,232,1287
1780,34103,276,827
200,34800,240,705
200,14001,276,867
280,37200,246,1211
780,7423,228,804
780,17100,250,700
1200,7523,270,1247
1880,1500,228,715
780,34000,228,801
700,38100,238,827
5100,12000,252,723
80,230,270,1272
1700,34000,250,845
200,2763,272,1273
1780,12900,228,817
7763,278,1265,
780,34100,279,1483
1100,34832,290,1281
1880,28000,272,827
2500,10000,230,713
1200,14000,238,847
780,37000,250,827
880,34000,228,805
1787,513,1202,
-200,37000,230,727
1700,7723,232,813
3200,500,228,703
700,2009,263,1273
1700,32800,238,1261
1780,420,270,1207
1704,18124,290,1271
-200,28000,270,710
100,2501,228,700
700,3500,230,1415
100,560,310,800
1880,7303,230,1281
700,1806,250,727
2900,7513,290,1211
1280,32001,230,712
180,31120,272,705
-100,14021,310,813
800,11000,272,803
1180,34800,270,1207
1100,2223,232,1287
1800,2800,228,703
1780,30000,238,827
900,24000,270,1413
2100,12900,270,1410
200,14001,276,713
-200,33010,230,827
1200,7533,250,841
1250,34119,276,700
780,37000,290,700
1700,20000,228,887
3800,2767,230,1287
800,2800,255,1212
-200,34000,290,807
1880,24000,250,807
980,34800,272,1473
780,503,232,711
-100,32000,230,723
800,30500,292,711
1280,17000,232,710
1810,24000,290,764
280,1003,270,1485
1200,2000,290,813
1800,32000,232,827
1880,2830,272,1287
1780,20900,280,923
1800,17000,228,815
-200,32000,231,827
-100,30060,232,813
1700,34800,290,704
880,34000,230,766
-200,28203,240,1485
100,18062,290,1403
1780,27123,290,1227
1780,31000,230,887
1200,7500,270,805
280,10120,292,1273
1780,1120,292,1481
800,7223,225,705
2900,2400,290,704
1200,10833,232,815
2700,34820,272,845
200,32820,228,855
1780,30800,290,1413
1700,7403,295,1283
1200,7103,290,863
1700,10830,236,813
1900,34020,296,720
3180,30121,290,1405
-100,12000,272,710
5100,24331,276,1477
2800,27006,290,700
1280,32100,230,807
1880,921,292,1211
3280,12860,270,1405
1780,10004,279,1211
1780,32006,270,1485
700,813,229,900
1280,7507,228,827
-100,33000,272,1485
800,12000,298,713
1800,38100,223,700
-100,4007,270,1281
1780,9220,252,1413
780,30800,256,700
1700,32000,268,710
800,34701,230,805
1780,34000,276,800
200,38000,270,822
700,503,228,817
1280,14000,270,1481
-200,723,225,711
1780,5503,225,1285
880,11001,266,870
1780,17500,295,705
1700,34820,230,1287
700,34001,228,703
700,7500,270,713
1700,2503,232,827
1200,17827,228,817
1800,7533,260,1237
1700,12000,270,810
200,1503,250,810
1200,2023,228,712
780,14100,310,1282
1300,32700,236,713
700,14000,228,713
2200,3121,290,910
780,34000,272,805
1200,7523,270,1287
1780,1223,256,703
1900,10103,228,703
1200,1150,225,1211
1200,21220,246,1475
3700,11000,270,810
1780,34000,260,807
1800,4830,272,1285
1700,34020,230,720
2700,12000,250,713
1700,34801,290,805
1200,24000,232,700
900,14620,275,1275
280,37323,270,1485
1300,623,270,1287
1200,7503,236,823
100,7303,225,1217
100,29233,290,807
900,4000,272,745
840,10010,270,812
100,12220,230,871
1800,38100,290,1473
1980,30120,270,1211
1200,900,240,1211
1880,228,225,1287
5100,12561,290,817
3800,8309,246,1473
980,35200,296,1483
1100,31000,246,1475
3780,34800,228,700
1500,12000,260,705
1780,7203,270,1287
1080,12000,228,700
1700,20002,223,703
1100,503,270,1281
1100,10863,292,827
100,1269,292,1272
2500,12708,258,1413
100,24010,250,1485
800,34000,270,1473
1900,24000,230,783
1700,523,246,1213
1700,30000,299,700
800,2861,225,1207
700,7507,230,801
780,2703,255,1215
1800,229,228,716
1780,2020,269,1485
780,30800,230,827
1800,32000,238,827
4180,4020,225,723
1100,32000,230,825
1100,34811,270,1413
1100,7000,290,700
1780,38000,250,825
1800,30501,228,817
1200,2423,228,727
1900,12301,272,1272
800,14900,228,823
1780,12303,280,1271
1780,34000,296,1413
700,33000,299,725
1200,2527,228,817
1780,34130,290,1475
1780,34000,270,1485
2780,13000,228,827
4200,500,260,1473
1200,38100,255,827
800,31000,276,1475
1800,30000,270,703
1700,14109,252,764
1780,34000,270,1282
1880,8503,292,775
280,14000,270,1485
1500,30007,228,803
1500,22460,250,827
1100,520,230,1287
700,18100,295,1217
780,7023,290,1483
4800,7663,230,805
1700,2663,292,862
1700,18100,258,713
1100,503,230,1211
1280,34101,250,827
1280,38000,225,827
1200,19160,255,1281
1180,20822,276,1211
-100,7503,230,1211
1100,500,232,805
500,10603,225,803
1840,30509,230,803
100,24000,228,807
1100,34201,296,1413
800,4000,230,700
1800,34800,228,874
200,25000,250,805
1280,34631,272,1473
4750,11420,272,1272
800,34000,252,800
1280,33000,225,825
1180,30003,270,1415
1280,10502,228,865
280,2960,272,1211
1780,18000,272,1485
280,2703,228,1287
1180,14100,290,1475
1200,30000,230,700
1700,34100,290,807
1800,31120,230,805
2900,12120,290,1413
1800,33000,240,825
2500,12410,246,827
1180,7803,272,823
1280,34000,270,815
-100,34600,272,817
5100,2507,246,1287
780,27000,226,713
1100,38000,292,827
700,23000,230,853
1780,30420,295,1271
800,38120,250,1462
1780,2103,228,743
100,10500,228,715
1200,32000,226,847
780,12000,270,725
1180,7503,270,1211
800,31000,236,827
780,4122,250,1281
1300,14000,278,847
100,7523,252,1211
100,523,296,1281
-100,34000,270,727
200,562,230,1211
700,34800,235,805
700,7517,251,817
280,510,270,901
180,503,270,1485
1700,10900,226,814
1100,30120,298,817
1200,2803,246,1287
700,18123,230,710
1780,28604,270,1272
1100,31220,270,1272
-100,7500,228,1271
1700,7503,240,785
-100,10110,292,813
72,453,1212,
780,20831,256,1261
5100,523,228,827
500,33000,230,827
1900,32000,296,1473
200,9529,230,1287
1100,34000,270,710
1100,27503,250,873
280,12500,272,1470
3700,22000,255,787
1100,24020,270,1405
2100,28122,290,1281
-200,22800,235,813
3200,7503,230,827
1700,17000,228,805
1780,33120,250,1281
1400,34000,270,1400
100,12623,270,1473
700,38120,295,725
800,1433,230,1287
5100,10330,259,727
1200,34803,290,805
1700,2500,260,1483
2500,12610,251,1207
780,11220,225,703
1680,6220,272,1217
780,7523,250,1282
1180,34800,270,1473
1780,34000,310,825
3980,7503,270,1285
5100,2123,292,1211
780,14000,272,1211
1700,7523,226,711
1700,32400,290,827
5100,34000,228,803
1180,1400,280,1211
1400,34800,280,827
-200,3523,292,1405
1700,3800,225,827
1100,34800,275,705
-200,10321,256,803
100,34800,228,783
800,14403,290,1464
1770,513,258,815
700,31600,276,805
1180,34100,279,805
4100,38120,298,827
700,7909,228,1273
800,34000,270,825
200,34203,230,775
1100,34800,249,1213
200,7703,236,1212
-100,20000,270,900
1780,7503,228,803
1800,513,238,827
1780,21811,290,1287
1700,30003,296,813
1100,38120,292,887
200,32020,290,805
200,32900,276,1212
0,34000,268,702
3100,30800,292,710
1800,1862,227,802
1780,34601,236,704
1700,37000,270,1211
-200,34100,294,1462
1700,14000,228,713
900,3619,290,905
1300,12847,270,747
1200,523,230,713
1780,20322,294,1485
1200,24102,290,827
1700,20322,292,1471
1100,1002,276,1211
180,17503,270,1271
200,2707,239,1415
780,20608,235,827
1200,24300,270,1473
1280,24900,230,1415
980,1503,228,1213
1200,34000,270,700
-100,13120,272,1285
780,38000,250,827
780,20131,290,1282
1900,228,292,1261
1780,34901,270,827
1700,2100,228,1271
800,7503,225,805
200,14060,275,713
1400,33120,230,805
200,7565,250,1211
1780,30000,270,1211
800,12020,230,827
700,18000,228,813
100,17100,290,703
1800,12800,230,713
1800,34703,225,827
100,4000,228,713
1100,1224,250,1477
900,38020,230,805
1700,34000,230,803
1280,1520,255,1281
1800,230,278,710
1700,523,290,847
710,3240,238,1211
1280,34120,276,1485
700,7503,236,805
1100,2220,250,805
700,37000,225,700
1200,7501,246,764
1100,7503,242,800
200,1320,270,1287
700,24000,230,1283
200,32001,290,827
1200,38000,225,817
1280,2200,256,1211
700,34500,228,817
1100,2807,252,1282
1780,22000,230,1215
780,34000,270,805
800,7723,265,847
1200,38000,298,725
700,14610,250,1485
-200,1703,270,1481
100,703,229,1281
700,34661,270,1473
5100,18129,290,700
1700,13500,239,727
780,2000,290,712
1780,34000,240,825
600,17100,250,805
780,28200,223,805
-200,34609,252,785
1700,919,239,827
1200,34000,250,827
4200,7513,250,807
1700,24200,252,827
1900,32602,272,703
-100,1200,250,1287
1100,37920,270,813
1780,7533,239,1274
1800,2123,262,800
1900,34000,230,713
721,533,270,1271
4780,7000,228,814
-100,22000,270,827
1220,7203,270,1287
880,32000,250,1413
1200,503,230,1211
3200,16010,255,785
1100,901,256,1210
1700,521,232,710
-200,34800,290,1485
1800,30000,250,725
1280,14000,250,827
1200,38000,226,827
1200,17000,228,745
3200,4509,228,774
1880,34020,270,1473
1100,34001,290,817
3700,20662,296,1485
1700,17003,239,713
-200,4703,229,1485
900,7523,225,827
1700,24000,236,807
700,34820,225,1287
-100,22503,272,713
2900,38120,317,1313
800,28000,228,825
180,28020,270,805
1200,22164,250,823
700,7503,228,827
1800,7503,223,835
1700,32000,230,887
1980,34103,228,825
700,32000,225,823
380,24362,225,1227
1800,38000,230,905
1980,10000,228,702
100,34000,250,765
1800,18500,292,807
1700,7910,295,711
1661,7803,230,1485
780,34000,230,807
2780,14801,299,1485
1900,24000,259,1415
-100,34001,246,800
800,7503,290,1211
700,34000,230,887
1100,2520,242,713
1700,12900,270,864
200,2760,227,712
1780,32000,223,827
1800,17000,252,780
780,7903,228,805
880,38020,270,705
3700,33000,225,700
1180,34827,270,1485
2700,903,295,1285
1700,27000,228,827
1100,2600,235,772
1700,1820,246,1271
1200,22000,236,813
1780,7503,270,1470
1700,14801,290,847
1780,903,278,1214
1780,7513,235,1481
1700,14500,270,827
3280,28000,225,877
3200,27000,270,1271
1100,18100,230,700
1230,32801,259,827
200,14200,270,827
-100,34000,270,1425
1700,2503,230,805
2982,229,272,700
280,32800,236,1211
1900,33001,250,805
1700,34020,270,1201
780,919,250,700
1200,14000,270,827
200,1220,270,827
1200,12000,296,783
700,34000,230,900
1100,7913,298,740
-100,14100,270,900
200,28000,228,804
2700,20421,252,1272
1100,38000,270,787
780,18900,230,1405
880,30101,236,1287
1280,34203,292,1405
2300,4850,290,1201
780,32000,280,705
1900,17560,230,1204
700,17506,290,800
800,12000,290,915
1700,34800,230,827
100,230,230,802
1800,2903,228,867
5180,14721,295,1411
100,1267,272,1287
200,7363,230,1211
1900,34002,232,805
1900,38020,274,703
2500,34000,225,705
700,7609,228,812
1700,34203,230,703
880,34000,270,825
1780,34300,250,740
700,38000,292,700
1780,10400,290,1475
1700,34120,258,800
1700,2503,290,723
1250,16007,226,705
880,10969,292,700
700,37120,246,703
-200,33000,310,805
780,23000,258,865
1900,14101,229,845
200,34811,230,827
800,7223,225,831
1081,14000,266,1272
-200,34120,269,1473
1000,32000,270,1485
1700,14800,270,1281
5180,8500,225,807
1100,2320,223,1273
100,11900,258,703
5100,4220,272,1211
800,7503,225,705
1800,14000,252,723
4780,34001,290,700
1100,38110,290,800
1700,32700,246,713
1880,34000,270,807
780,13103,230,800
-100,7223,280,1287
5100,20902,246,721
1200,34003,270,827
1180,1243,270,1281
1200,20100,228,803
1700,34641,230,1275
1850,7507,245,1287
1700,823,238,1287
200,7500,228,827
1000,34801,238,764
1700,38000,290,1272
1780,14027,272,1212
700,12000,250,787
200,27226,276,700
780,7703,223,711
800,38000,310,825
1700,12520,229,813
780,24909,230,827
280,8503,270,1281
3200,24637,276,807
5100,900,240,1287
1780,10420,255,1211
1100,32000,240,817
2500,12000,270,1473
1700,32500,270,1287
1100,2909,228,1272
1800,24000,296,713
1780,34100,270,1481
780,919,260,1211
780,27703,238,1211
4280,37923,290,1473
1700,38100,276,827
200,2503,276,714
1700,27563,228,800
1200,21701,228,700
780,30401,227,1213
1700,13000,290,813
380,763,252,1217
200,24003,225,803
900,513,266,1411
100,7723,250,1287
1700,30000,270,713
-200,17700,225,705
1200,30020,270,1272
1780,10007,223,713
1200,38120,299,1227
1780,2403,292,1411
1200,17000,270,810
880,12800,236,1227
280,513,256,1213
280,2000,228,713
1780,1533,272,1271
700,7520,225,1287
1380,7503,270,1205
780,38120,232,810
200,20601,252,787
700,34800,290,713
1200,4522,225,1281
-100,34600,230,764
800,29823,262,813
200,2761,252,1271
800,34000,250,705
1280,10327,290,1281
1200,37009,228,847
700,7503,310,827
1180,23040,260,715
800,7203,230,745
280,7520,250,1217
800,22900,270,764
780,7969,258,1483
280,30100,230,905
1700,14500,292,827
700,7900,278,747
1780,4903,270,1281
1700,18900,256,827
1700,1621,270,1211
880,34100,270,700
1980,30520,260,1287
1100,7503,230,1210
1900,24100,228,720
800,32000,242,764
700,30000,256,813
1780,36000,228,1485
2500,38010,228,827
1200,22000,228,807
1100,33000,270,1413
1700,1803,296,1211
780,34001,290,800
800,4903,290,1485
1700,12000,252,923
280,2519,228,805
1880,21823,290,1271
1780,24000,270,1475
80,34200,270,1485
280,23220,230,725
3200,17500,228,827
1800,36000,258,703
3800,9503,225,867
1700,12803,270,713
1100,34020,290,823
100,7420,272,1211
4200,1500,228,805
-200,30000,272,700
1700,12100,290,820
700,30800,228,805
1700,7513,228,712
5100,19000,232,703
1200,34000,230,713
1800,1209,250,703
1200,2900,228,867
1700,28010,295,805
1700,1220,226,703
3200,20002,272,713
2500,17509,228,735
3130,7130,230,1202
2500,37052,230,724
1700,14000,250,1405
1980,30000,278,805
1880,423,235,703
1780,7403,228,764
200,14701,240,1217
200,2223,270,927
780,2716,228,764
1280,30811,250,1287
200,2523,242,827
100,3903,290,1281
200,10100,258,703
100,809,250,813
1200,11763,270,1287
780,11800,230,1415
1700,7503,290,703
-200,18100,230,827
700,1507,290,887
1700,11000,256,887
780,34000,270,825
700,33020,250,923
200,14020,296,1475
1800,900,228,800
1980,12521,270,810
1200,23500,232,713
1700,38113,292,745
1700,7507,225,805
1200,34801,290,813
1200,919,295,827
880,34020,270,1473
700,34861,228,847
1780,17103,228,813
780,27000,272,710
1800,27260,276,817
1880,34000,240,805
223,246,1413,
-200,1820,242,1211
1700,21820,270,1287
1580,2523,255,1261
1700,12000,228,713
1100,34000,270,825
0,2723,230,713
800,7503,230,780
1700,22507,232,1485
1800,34800,290,827
700,14000,270,740
780,32160,270,1485
1200,8519,228,807
-200,21832,298,1287
100,12000,258,800
1200,10103,295,707
1700,32000,270,1287
800,900,292,763
1200,12000,250,1272
1700,12100,296,710
780,34000,250,827
700,2000,228,703
-100,34000,270,1481
1180,34800,270,805
880,20600,250,807
200,34120,270,1483
280,7203,225,787
1200,14100,232,927
100,26900,228,764
2900,7500,256,700
800,2507,270,1285
700,18120,290,1271
1380,3623,290,1473
700,1020,230,1212
1980,4000,298,700
1500,4511,230,1287
1200,30003,230,742
200,2500,228,827
800,7500,270,1211
1700,34817,230,1485
1780,10500,258,710
1780,2533,266,727
1200,2000,230,700
1280,703,230,1473
5100,33802,228,705
1700,900,298,727
5100,2407,270,700
200,7223,290,817
100,1723,272,1413
-100,14820,228,815
1280,34200,225,825
1700,14000,250,805
1900,30000,230,827
700,10500,232,711
100,2523,276,1211
500,7529,228,1287
180,38103,235,867
2510,20332,270,1201
770,31000,292,825
1700,7003,270,1281
1200,7539,290,717
780,7513,250,827
780,7553,296,1287
1800,18120,230,827
1100,423,239,1281
780,22120,290,1211
200,14809,240,723
1700,30000,225,827
0,17500,290,727
1400,34000,239,1475
200,14000,250,827
700,523,236,1413
800,32800,236,867
1180,16900,270,1285
2500,7000,250,704
1700,18000,270,710
4100,7510,256,713
800,34000,228,704
1700,34120,290,727
1100,1213,258,801
1200,1520,230,1281
1700,2403,228,713
800,32000,258,700
3200,14000,230,805
5100,4700,250,780
1700,34400,296,723
900,21200,275,1485
280,7513,250,920
280,34800,230,1271
23,270,1410,
1980,10000,232,1472
1100,10961,242,1211
780,24000,223,800
-200,27101,230,1417
1700,7403,295,1285
1880,30360,296,1475
1100,7907,290,1214
5103,2100,310,710
3280,801,265,1213
1100,38100,230,807
780,34020,276,713
780,1223,240,1485
880,14100,290,805
1200,2301,292,913
1100,34661,230,1271
200,7000,230,780
1780,34000,290,827
1200,30020,240,827
1800,31800,272,827
5100,22000,276,1485
780,10721,230,1485
800,1000,250,847
4800,34821,230,1287
1700,10006,236,713
3730,10236,223,1482
4780,1933,263,1485
1700,34000,235,1425
-100,523,265,867
1900,18200,236,815
1880,11200,270,1230
1800,34000,230,713
3780,18000,238,863
1780,32900,270,1285
1700,423,272,1287
800,34100,296,1413
1100,923,260,810
1780,34800,290,813
1880,17000,228,704
1700,24000,270,703
4300,37733,230,1227
-200,21000,239,1287
-200,24601,292,1473
1700,34800,276,1211
1900,12100,255,817
200,32000,228,703
200,34000,270,700
1700,7827,228,817
1700,519,250,1485
880,37532,230,827
1780,30250,295,1281
1780,30100,236,811
1880,2709,295,1285
1200,30120,310,1287
2500,28020,270,905
1100,919,228,700
1700,28200,270,700
1780,7827,252,1211
800,24500,270,1287
900,10300,258,704
1100,2713,310,710
1700,34000,250,827
1700,22120,295,941
-200,18100,270,820
1200,14400,290,1211
4780,7553,278,713
1280,14120,270,1485
1970,1762,270,1411
1780,34003,268,764
1780,34100,290,1475
1100,11000,270,764
700,2920,228,813
-200,30520,295,837
700,1510,228,825
1980,33000,246,1481
2500,23002,276,703
900,2703,250,1210
1280,11000,270,715
-100,7403,276,1475
1780,4620,272,1211
700,10103,278,703
250,34000,276,1475
1100,30501,230,805
700,12000,258,1415
-200,7563,290,1201
2500,2560,225,705
800,14000,228,727
1750,11600,260,827
1700,14817,250,1287
800,21690,230,807
-100,3760,272,1211
1100,12000,228,703
800,23700,296,805
1200,37800,260,827
1800,10200,290,713
1700,1520,295,1277
-100,30600,290,900
1200,38000,230,805
800,34000,270,805
1200,7529,250,1411
2500,14240,246,1275
1080,12800,225,713
700,903,295,1287
180,14000,256,827
3280,38000,290,713
5100,7413,240,812
480,19200,296,805
700,34801,290,827
4880,32267,228,1483
1700,7503,275,1480
780,10000,276,1113
1800,38000,225,827
1200,10809,236,700
100,37120,251,1202
1740,8520,255,740
1800,919,228,827
280,21200,270,801
1280,34000,230,805
800,323,292,714
4700,7900,225,847
700,2520,252,900
1900,10000,272,813
1780,7523,268,705
1980,34860,270,1485
1200,1500,272,810
800,31000,223,1415
1781,2867,290,1413
100,923,255,1211
1700,34801,252,705
1380,10960,230,1272
5100,11800,223,827
1800,34020,276,1227
1200,14000,270,827
1900,14500,240,1287
1280,7123,292,1281
1700,20100,294,887
1800,37000,225,800
1700,4220,290,1285
200,37500,223,827
780,17530,290,1281
1700,17002,270,785
-100,32220,228,827
900,13600,292,700
-100,38000,276,713
880,717,225,811
800,32800,232,773
2500,303,285,1265
1800,34200,276,827
780,1000,252,1475
200,38120,290,1485
800,34401,230,827
700,1020,228,1272
1780,13400,223,805
1180,34500,270,810
780,423,270,1287
780,32601,230,873
1880,10500,226,783
1700,18100,228,803
-200,2003,278,723
780,2503,298,711
-200,10030,230,1475
1280,34000,228,705
1100,12000,256,710
1880,11863,290,1411
3700,30009,230,1213
1780,7003,230,1281
782,34800,230,1287
800,18000,270,827
800,14800,236,1217
200,34000,279,713
780,7503,232,1211
5100,17420,250,1211
100,24000,290,1215
1700,12809,228,847
1180,34000,228,763
1000,14900,270,1473
3280,30000,230,905
400,22513,228,735
100,969,230,714
1200,917,275,810
780,21500,228,710
700,12000,230,723
700,34301,250,827
200,34500,227,887
1100,762,230,1287
1800,34801,310,873
1100,2720,295,1287
800,2701,250,1211
800,30811,290,1421
700,1423,290,707
1800,32000,270,820
-100,30000,230,710
1700,7403,230,1247
1780,4000,290,1485
1100,11221,240,764
4700,7523,230,1484
1780,34400,270,710
1780,38120,272,1482
4800,8523,230,705
1300,10519,280,1281
1880,1823,240,1227
1900,503,257,713
1200,32000,228,823
1100,7503,290,1211
1780,2210,270,1485
3200,12003,272,713
5100,38100,290,700
1100,14600,270,705
800,32801,250,764
1780,34100,270,805
1700,24000,272,700
780,7503,235,1480
3780,3000,228,817
280,500,225,813
700,1600,292,1483
780,18000,230,821
200,7700,298,827
-100,22000,270,1272
900,20532,239,827
740,20342,272,
-200,7603,292,1217
1780,30003,242,1413
1800,507,226,713
700,14300,232,1273
1200,7503,225,827
1100,34800,270,1272
700,34020,250,885
700,34000,228,705
1780,2707,228,820
100,769,228,700
1800,34000,298,703
1100,10100,223,827
400,7323,225,703
1700,11200,270,827
2500,7503,236,715
1200,34801,296,970
780,34800,223,827
280,34001,259,887
1780,34000,290,825
1200,38120,230,1411
1700,7203,228,741
780,11800,235,827
1880,38000,270,700
780,2800,228,715
-200,27206,232,900
1200,7523,230,1272
700,523,228,827
1880,33801,290,875
280,14000,235,1485
800,32020,290,827
1200,7513,230,1277
700,33320,290,725
-100,7220,296,1211
100,32000,226,735
1280,501,232,1214
100,34000,276,822
1700,38120,256,825
1780,4000,270,713
-200,32300,230,827
800,20511,260,1272
3780,10000,298,713
200,34803,246,1274
300,34000,232,1225
700,31600,260,703
1200,523,292,761
1700,30140,230,867
200,7220,230,847
800,21461,290,1211
100,8503,225,1211
2380,34000,260,1212
1100,14100,272,823
1800,34000,230,807
780,32000,228,705
780,2913,256,1483
3100,34000,230,914
1700,14000,230,1475
700,2301,225,827
1700,7523,230,812
1800,2003,250,715
200,413,225,817
1880,34001,240,1475
1700,34000,310,827
1700,33100,292,803
800,34100,230,747
2200,34100,270,827
800,34000,290,805
1700,34428,232,1287
780,7503,230,1483
1100,10021,228,805
1200,12500,229,805
700,32000,270,727
32000,270,1225,
4700,7100,225,725
100,2723,290,1480
1880,20803,255,1213
900,10332,230,1271
-100,29300,270,1282
-200,28030,250,830
780,34800,290,827
780,34000,270,700
1100,7913,228,887
180,909,239,704
800,34800,239,881
1200,1519,250,800
300,30000,290,805
-100,7503,296,1473
1280,34001,276,1473
-100,24800,272,1471
780,13507,276,1480
600,7420,228,1211
700,14007,270,827
1700,32000,250,827
1200,21200,295,727
180,507,270,1211
1100,24000,228,703
1700,7503,230,1212
680,30000,270,1285
1900,22703,246,1271
100,12100,266,807
1800,34821,230,810
200,34800,250,827
780,12000,270,1265
3800,38029,223,805
800,38120,246,805
880,13100,250,1287
1700,13500,250,705
700,34000,290,705
3500,24107,298,802
1900,10000,225,827
1700,30000,296,704
-100,34000,296,803
700,2507,228,887
200,2763,292,1271
1800,3103,223,807
3200,7550,270,1211
300,8523,230,1287
100,960,270,1211
700,34000,228,827
700,10503,290,700
1200,30720,260,1213
1280,7000,258,705
900,32000,256,1485
280,34000,256,827
200,723,270,1413
1700,2923,236,713
1780,34820,270,1271
1280,32810,223,1272
1700,31500,250,703
700,11820,290,1211
1100,7963,290,1271
100,228,256,827
1780,33000,270,743
2800,32000,223,964
1780,1503,228,1271
780,37000,270,877
1780,31000,290,713
780,12813,250,805
200,520,250,764
1280,34400,292,1415
5100,913,290,1287
3780,12303,225,710
1980,7500,290,717
780,14000,270,764
200,20809,230,873
3700,11861,230,1211
800,30923,258,864
1800,10803,295,1277
880,31000,270,1485
700,7103,258,713
800,14020,230,1285
1780,34800,290,764
-100,7523,238,700
200,38120,230,1287
700,30120,225,703
1780,12000,250,710
1700,7920,240,1211
780,7000,250,710
1700,34002,228,744
980,2530,232,1281
200,32100,252,727
1180,32820,228,1227
200,2901,225,713
1200,34803,270,813
800,12200,259,807
780,12000,228,813
1700,723,290,1211
1180,4861,270,1485
2730,20332,239,705
2300,38120,258,805
780,18000,255,700
900,7503,291,827
3700,603,252,1485
400,34000,223,823
1800,38000,292,904
980,24820,235,1272
1280,10000,225,813
200,12000,228,817
1780,2000,276,713
1780,12000,278,812
1800,7519,228,714
4500,3769,249,1285
280,12109,258,1473
5100,17820,230,1287
3770,34813,230,704
-100,2620,270,813
200,722,280,713
200,7513,235,773
32000,270,985,
1880,24003,272,1480
700,34000,223,823
700,14000,236,827
1280,34100,258,827
1880,14900,228,847
1280,17120,225,1210
1100,2201,230,887
800,11320,256,1272
12000,990,900,
1780,11362,292,1277
720,30000,275,805
1800,13000,272,713
1800,10420,255,1217
800,14600,260,764
-200,1900,232,910
880,34200,270,1411
1780,4000,252,1473
1700,7500,250,1485
980,34000,270,1281
3200,7000,228,705
200,14005,228,813
1880,7020,228,743
1700,34500,275,913
0,2723,276,1271
700,8060,290,827
780,3007,225,703
800,2220,275,1287
1700,34000,298,905
780,3003,270,1213
280,34020,240,1480
5100,2303,270,1271
2713,250,285,
1980,523,228,832
1100,34100,290,700
-100,18000,228,715
700,30000,228,710
1200,14000,276,710
700,7503,250,710
-100,7003,290,715
200,24121,250,1425
200,7503,270,1215
1700,500,298,811
1720,270,1285,
2500,1500,228,713
-200,7403,230,801
1800,10760,290,1211
1100,1200,270,1481
1700,18703,223,847
1780,7323,272,1485
-200,38000,223,713
-200,2019,272,706
2500,17920,258,714
1800,18000,225,887
1880,909,259,713
-100,2560,272,1472
200,31509,226,827
1780,14603,240,1411
200,38020,278,723
700,400,266,1413
1280,22000,238,1287
3200,14000,256,713
280,34802,269,817
1780,7563,230,1211
-200,20317,236,813
1800,34000,232,1211
700,7503,290,700
780,7523,228,817
800,7500,228,867
200,7503,223,713
1200,38002,270,700
1000,13000,268,805
-200,14000,246,817
1880,33000,229,805
1700,1509,276,1212
-100,34000,270,800
780,34000,276,1473
1780,1120,270,1210
200,37000,228,817
1100,17503,228,805
1780,2223,252,1287
100,34800,256,867
-100,1223,270,1200
880,37000,228,800
780,12803,228,847
81,37022,228,1470
-200,1500,230,1285
1200,32000,270,825
180,7100,272,711
880,27113,290,805
150,33003,276,805
1100,21000,230,867
4200,34801,290,827
1280,34020,270,923
1780,37800,227,713
-100,7900,272,703
5100,33000,250,703
800,1500,228,763
1700,38000,250,807
1100,14000,255,813
2500,2703,232,725
1800,30100,276,1473
700,12000,225,827
1780,37907,240,827
1100,32000,250,827
1900,2000,232,713
1700,1367,296,1217
1050,903,268,814
1700,7521,228,713
780,6203,279,1241
4100,34420,236,1287
700,17520,230,821
-200,21000,276,1485
1780,7503,232,705
1780,34000,276,1413
780,1567,270,1281
780,33800,292,805
800,34000,228,875
1880,24001,272,1287
1100,30000,228,800
1200,7503,228,817
1700,34120,290,740
180,34000,256,1281
3200,22120,228,825
4280,37500,228,827
-200,34803,228,805
1780,4513,252,1217
700,30000,250,1473
100,14000,290,827
280,7513,270,1287
780,7703,292,1473
1000,20330,223,1211
1780,33000,225,760
-200,17100,228,807
1800,17009,290,705
700,2266,242,805
800,12523,225,735
800,37109,290,870
1200,34100,296,805
1780,7500,275,1413
1900,38120,292,827
700,11000,270,785
280,2767,236,1217
1700,14000,230,827
800,1120,238,1287
100,13000,250,785
3100,7863,272,1211
200,12000,290,713
2900,14000,274,843
1700,14420,290,703
400,10718,270,915
1200,2500,270,1211
100,7523,260,1285
500,22000,260,1413
1800,423,290,1217
100,7603,290,705
1200,34000,255,700
5100,1760,270,1272
1280,34801,290,807
700,32000,238,743
2500,38000,239,827
1700,24800,228,807
700,22002,255,710
1800,30000,228,845
1780,7503,248,817
1780,12009,270,1415
-200,14000,228,705
1700,9503,250,800
780,34800,250,705
1200,10500,230,827
800,7502,240,1245
1900,14863,230,1271
1900,7503,292,875
3200,14000,246,723
1700,832,265,807
1780,923,290,1282
-200,523,295,723
180,1903,272,1481
5100,38000,256,763
1100,13161,236,1227
1700,2003,238,727
200,34500,230,827
1700,24000,270,1415
780,2400,249,1485
1700,10500,270,713
-100,423,275,705
780,34801,252,827
1200,31100,296,1211
1780,34000,270,827
700,34600,230,827
1700,2800,230,1280
1200,18900,228,827
1880,38000,230,820
-200,7603,228,715
700,18503,232,800
1750,25503,228,1435
-200,12820,290,827
-100,2303,275,1211
700,7503,228,713
1700,7723,270,1213
-200,1523,238,1211
800,423,262,1214
180,900,255,764
200,34000,270,1473
800,2420,260,1271
1700,10000,225,842
800,23000,225,827
100,1723,270,1481
880,30300,230,710
780,3403,280,700
1700,30000,240,1277
700,7423,228,714
700,30000,252,827
280,30120,223,830
1100,30000,270,705
2200,30007,238,812
780,403,272,1285
1780,623,290,1481
1460,34817,270,1473
1780,14100,230,827
1900,1703,296,1070
2500,7703,240,827
1780,4909,270,813
1100,7523,236,1415
1800,2100,236,813
-200,1223,238,1264
780,34000,242,1211
1200,34800,225,727
1100,13030,270,1417
100,38000,290,705
4800,22722,228,887
200,7223,225,764
1780,34100,250,700
1700,14001,250,923
-200,18000,232,715
5100,18000,266,800
-100,7120,262,703
-200,20300,290,1471
1880,20000,296,813
1300,22900,232,817
700,7503,230,1211
200,34000,270,710
1280,21000,230,1485
1750,12500,250,1281
3200,18120,250,725
1280,34000,228,713
100,10000,310,713
100,34820,246,1287
3200,10000,250,712
680,12919,266,1211
1100,33020,228,807
1180,34001,230,1475
800,18020,275,805
4000,24662,299,1281
-200,23000,230,800
200,7003,250,1415
3260,22560,228,800
700,12503,226,813
1280,1503,225,700
1780,1123,276,1211
-200,2503,223,900
700,7509,223,704
5100,12760,296,1287
1100,14003,246,885
1780,2703,238,1211
3800,21820,249,800
1100,1953,242,1272
1280,511,270,1211
1200,7203,272,785
1700,32000,230,703
1100,2203,272,1211
780,34000,230,805
5100,11800,240,1277
1780,34000,236,1415
1700,30000,228,807
1980,34120,270,701
280,14000,228,827
1780,31403,258,1415
2700,17100,290,764
1280,20835,290,1267
1800,22000,298,803
5100,30800,290,1485
1100,30200,299,1287
3200,2360,230,1277
700,823,296,1211
280,32809,236,1485
1800,502,228,827
1100,32020,270,700
1780,5220,228,841
1780,1223,296,1211
800,13000,256,813
870,18220,268,1275
1200,4120,270,1413
1900,14000,228,817
700,30800,230,1415
1900,32000,228,703
1700,37807,223,787
723,243,1217,
-200,12707,240,1211
270,34000,270,927
1200,34100,228,1475
1100,30000,228,805
5100,20001,275,1471
1700,30600,240,1211
-100,10020,275,1200
2000,7367,232,1211
2500,34122,260,1287
3200,34801,270,1277
780,24801,290,1483
1780,12100,298,700
1800,34100,290,1403
700,20302,270,905
100,500,228,764
-100,14000,270,713
1780,34801,296,807
780,28905,292,700
900,24000,228,827
800,30000,310,827
1800,33000,274,800
-100,500,270,713
800,2863,252,1217
-100,7753,230,873
4100,34000,246,1287
800,20100,276,713
1780,230,278,713
1200,30000,236,785
700,12700,270,1485
1700,12601,228,783
1900,34800,230,705
1980,17500,228,747
1280,18120,292,827
1200,7503,230,867
2500,17903,242,817
1200,34000,278,700
1780,34120,290,1227
2500,7000,228,704
1200,7910,235,1211
-100,34811,272,1272
5100,630,290,1221
3780,14000,270,720
3200,31020,252,713
1600,33824,270,1211
780,10000,270,764
780,27904,270,1212
880,2000,278,1272
780,32800,228,744
2100,14620,230,711
1200,903,230,727
1780,37752,310,803
100,2263,290,1217
1500,27700,290,800
1780,2020,270,1287
780,37000,279,705
1200,7923,240,1287
80,423,270,1211
4200,24100,290,805
1280,17200,250,764
4100,20513,223,1413
1100,34000,256,803
1780,13109,225,847
1680,17203,246,1272
4200,7463,236,1285
1100,950,228,763
780,33120,290,813
700,12100,275,1287
1780,28532,310,805
1700,7523,228,827
1100,1223,259,1274
1700,37000,228,805
200,20363,230,1271
700,423,292,1211
1200,10000,238,905
780,12600,293,862
780,30220,276,1285
100,923,230,807
1900,37020,229,805
1780,34000,272,1483
3780,1767,230,1261
1100,12820,290,1463
1100,16601,250,847
-100,34000,228,805
980,12020,262,1287
1180,7523,272,1405
1700,2963,292,1287
1700,1200,246,1211
1780,22600,292,743
-100,30000,250,710
780,7522,290,1281
1100,1000,272,1285
1200,1200,225,1411
800,7563,225,807
280,1522,223,1485
1700,4303,242,1211
1200,423,223,875
880,18520,270,1475
800,7506,223,765
-200,34000,296,825
200,32000,276,1287
-100,2520,230,700
1780,22502,230,1247
800,30000,256,713
1700,24000,228,703
1700,34120,230,705
100,2909,256,1212
1100,34900,232,743
1780,32000,266,827
700,4620,240,1481
1080,38000,272,827
700,7503,225,800
780,24800,240,780
1180,34000,259,715
700,2323,290,1272
200,37000,230,827
100,7753,226,1287
800,34821,246,1207
4780,32000,250,715
880,12000,292,713
2280,37000,228,703
1700,13000,228,900
1780,7503,238,811
1200,7500,230,717
1780,423,297,1405
2500,2000,232,713
2770,17909,232,810
280,32000,296,1472
800,34620,310,827
-200,1425,232,810
1800,32900,228,885
-100,2000,268,713
1100,3767,226,867
1780,1500,228,813
780,22400,272,1287
1700,34003,290,827
-200,723,232,1271
1700,18000,270,923
1700,10000,223,827
1780,24000,225,1403
1100,31000,270,1473
880,17500,244,1475
1200,22100,270,727
1500,14600,250,827
1700,34000,270,1465
780,34000,270,1485
1200,34001,240,817
700,14000,270,710
800,33009,230,705
1800,32627,270,1287
880,320,248,815
-100,12000,238,713
200,1220,272,1411
1700,1923,230,1473
100,2920,290,1010
1100,7503,240,801
1900,34801,226,773
3900,18200,240,1271
780,900,276,714
-200,7503,276,1475
700,2907,288,815
200,34009,230,867
780,2523,270,1281
1700,38120,270,825
1100,7503,290,1287
1900,37327,298,887
2910,526,230,1287
1200,34000,230,805
1200,23503,270,915
1200,37000,230,705
700,430,290,1271
1900,24000,230,805
200,33000,270,847
1780,1020,270,1285
1900,22009,228,827
1100,34100,290,800
1700,34001,310,800
1800,520,239,1211
700,34020,250,805
1180,7223,270,1217
1180,12767,232,1217
3010,12050,242,1413
1700,7123,225,1271
800,34120,290,907
5100,7104,299,827
1280,14509,296,1217
-200,32020,268,827
280,30303,233,1480
1200,30101,250,1483
1780,24000,270,723
-200,34820,272,700
780,13000,276,720
-200,7523,228,807
1900,21921,270,1211
1800,32000,290,813
1200,14000,228,713
1300,10609,272,813
1700,7553,223,1211
1200,1010,270,1415
1200,523,250,847
1900,7423,276,1211
1800,2700,230,1271
200,38100,230,827
1880,12700,235,1273
1780,34000,250,1473
100,32000,270,827
1280,36501,256,805
1700,14135,252,713
780,12800,246,1485
1780,34801,292,1287
1700,34000,228,805
700,7913,236,715
-100,7503,223,713
100,19520,292,872
1300,10100,296,1485
1100,10100,228,700
1280,513,270,714
1180,34000,228,825
704,967,232,1271
280,21813,290,847
-100,8003,246,703
1180,27110,223,1485
-100,34010,270,827
780,3800,245,805
1780,2207,270,1411
800,37120,246,827
800,34801,229,827
3200,24000,258,813
800,10500,228,805
1780,34800,292,877
1100,32600,290,713
3680,633,265,1485
800,17503,270,727
-180,34860,270,715
280,22000,270,1485
-200,24001,270,1473
1780,34000,290,805
200,707,270,1415
1180,12000,270,1247
780,23000,226,710
1780,34000,270,810
1900,34000,230,827
680,30160,246,1473
-200,7203,295,810
1450,2019,272,887
3200,22530,269,1271
1200,800,228,764
3150,37520,230,807
1200,38120,292,807
1020,293,1207,
780,34801,250,1400
3200,10500,275,1413
-100,7900,292,1271
5100,21200,242,1211
1780,32801,240,1473
780,17700,228,764
1100,11200,290,887
1880,702,246,1211
700,34000,270,805
100,420,246,715
1680,14801,230,1285
1000,14000,230,780
1200,2567,223,805
1200,767,270,1217
-100,511,290,1281
3200,919,228,764
1100,2337,275,1207
100,1720,276,1283
-200,34000,228,713
1800,903,292,1281
2500,7503,280,1285
2680,17120,298,1284
700,1000,258,770
1780,37214,310,827
1780,34000,250,1485
0,11800,295,805
1700,30000,250,710
1780,34000,228,807
1400,14001,270,703
1210,4000,270,1480
1800,32000,228,805
1800,33000,250,1272
5100,34800,276,1481
780,32000,225,811
-200,34120,242,1210
-200,23800,270,700
700,423,270,1485
780,17500,225,815
1780,34000,278,1485
1780,14000,270,1474
2500,29502,232,1261
2180,2060,295,1272
1100,503,278,1211
780,34000,270,1485
700,2763,252,1211
-200,32000,258,703
180,17900,230,711
1000,34000,243,827
1880,2260,250,1241
4100,10103,239,727
2500,30000,230,1473
800,32800,296,764
2500,7533,255,761
1200,3911,292,1212
1980,31500,270,1485
1100,38020,230,710
700,7703,225,764
1880,3002,270,1285
1700,37807,230,827
1780,34000,250,827
1700,503,230,916
1200,30001,230,713
5100,2767,260,1461
700,31803,278,805
1100,34000,272,805
1800,37520,259,862
3780,510,230,1285
200,7703,256,1271
1280,7523,310,867
700,7520,223,861
1780,34800,228,873
1227,230,767,
700,30000,228,827
780,38120,250,700
-100,2600,250,1275
-100,909,290,1211
200,27820,266,764
200,1523,237,810
1800,33000,270,1473
1780,38000,228,715
3180,2000,270,1213
1280,30600,290,1211
800,927,225,1211
780,34820,270,1271
780,20000,238,783
3180,7503,238,1111
1200,21200,280,1413
800,17100,228,827
1700,34821,290,710
2100,32160,250,805
1100,33900,250,727
3800,14200,250,1431
1780,501,252,1257
1800,4801,230,817
2680,7333,270,1287
1780,38109,260,760
1780,22763,272,810
1800,34003,290,827
800,529,225,817
880,30002,270,1225
-200,11000,256,813
1780,2910,228,714
780,37301,240,1485
880,12000,292,710
2000,18120,225,702
1780,34100,230,827
700,17500,228,813
100,23000,290,1211
200,30320,270,1485
1200,10002,296,1221
1800,7223,242,1211
700,34000,270,803
800,34000,270,1485
1700,7503,275,847
-100,34000,272,1473
-200,32120,230,723
3700,13000,230,803
1700,523,230,1271
700,7503,298,801
280,2703,290,700
500,30110,290,1473
-100,2017,255,817
1100,17000,276,805
100,23000,290,803
780,18500,235,804
-100,34001,240,827
1100,2513,292,867
930,38000,228,815
1700,4667,232,1275
780,7523,265,801
1780,37207,290,705
1100,7003,270,1485
700,32000,270,1485
200,30500,296,1271
5100,27160,250,1202
1780,723,269,1271
2900,24000,228,763
1700,14900,290,805
700,12000,296,813
3200,33000,239,764
3200,2100,270,1285
700,12000,250,810
800,27000,239,814
800,38120,270,1485
1200,34000,228,800
1180,34605,230,867
1780,12500,272,1205
200,2767,230,703
1700,10509,260,1414
800,1320,244,1473
5100,14507,250,710
1100,20502,275,1285
-200,12160,230,1480
200,34000,290,800
2700,12000,228,717
1800,10100,236,1413
800,38020,270,705
700,520,235,843
1100,503,235,713
3800,503,230,711
1200,34801,290,1413
1780,963,250,717
700,34801,292,725
1700,34102,290,712
1200,37821,231,1485
800,12000,230,1215
780,17160,272,827
1100,30000,236,1212
1280,22120,272,1287
200,30000,250,820
1780,12000,270,827
4730,21233,250,1287
280,32800,272,1272
-200,27303,228,705
1800,7503,290,827
880,17703,230,1211
3200,32001,272,713
1180,32000,250,713
100,1220,228,713
100,14000,228,1271
1800,34000,276,1201
1700,22420,272,1281
250,2220,270,1281
1880,2820,228,1235
700,38120,242,801
800,34000,256,1423
1700,7509,270,713
1780,7703,272,1282
3780,24300,270,1287
1400,4520,270,714
700,32000,235,827
704,663,265,871
2700,423,296,1272
180,33000,290,1201
3160,18000,270,823
1780,30003,290,1272
-100,2220,238,713
1600,7503,225,1211
880,1069,270,1277
1800,34001,258,727
1200,12000,298,703
700,2003,276,713
780,32200,270,825
1200,1000,230,1283
1880,8763,290,1212
1100,14500,290,1271
1700,12000,230,710
800,38120,310,920
800,32820,229,763
780,10302,270,1287
1900,11830,272,1227
100,22229,272,1280
780,23009,228,785
1980,21500,290,1287
5100,14100,240,1473
3200,7517,230,861
100,421,290,1261
1700,2903,229,817
1900,4567,272,764
1710,34801,230,827
800,32620,226,705
1280,38005,270,805
1200,34500,250,1247
1780,502,270,1211
1280,17500,279,703
1800,37203,250,705
1700,4007,270,803
200,2523,228,713
800,10000,238,700
1100,1120,260,887
180,34000,272,711
1800,12000,270,783
780,11229,292,1476
1180,34000,225,703
1700,12000,250,805
200,32002,276,1213
2500,34000,230,704
100,24250,270,1473
2700,24000,279,725
1700,2509,228,713
880,34133,270,1211
1780,18000,276,1270
1780,21000,270,1413
1180,14200,296,1473
1700,18010,272,905
-100,12800,310,1270
1880,14200,268,1473
1100,34100,250,700
1200,12000,276,913
880,723,250,1211
680,2863,232,1211
800,11700,270,1485
1780,1222,268,1473
1700,34100,238,845
200,14001,232,773
1200,32001,238,927
1900,8100,276,1415
1710,505,230,963
700,34100,246,815
780,34000,270,805
700,8553,270,1287
780,36500,270,1485
780,823,228,1271
1280,30000,246,827
1100,17910,236,1413
700,4800,240,1281
1780,2760,252,1287
1700,37000,228,713
5100,11040,272,1211
5100,27028,246,900
200,20709,295,1211
780,34000,228,805
1200,12000,228,700
700,7503,223,1271
1100,10523,290,1272
1700,14000,290,700
1800,11008,240,800
1900,34820,230,1317
1200,7503,228,710
-200,27500,252,725
1780,34020,270,827
1900,34000,256,713
800,21230,310,1481
1270,34100,228,823
1980,34800,270,1471
1230,4000,270,1211
4880,500,228,713
100,563,294,1211
880,7333,270,1281
1200,20003,242,885
2700,12100,225,825
1900,38110,228,827
1180,1023,294,1211
2480,11823,272,1473
840,11701,223,807
200,903,250,1271
1900,7510,229,814
700,17900,270,1483
700,7503,228,817
-200,1913,270,1482
800,919,250,700
200,24000,228,813
780,1000,272,1473
1700,34000,229,805
1500,803,228,805
5100,2600,270,715
1780,8000,250,805
1800,3120,230,763
750,33800,250,805
1200,34000,296,785
800,34109,246,725
1180,30000,230,1207
1700,37000,250,703
1880,32000,255,1202
-200,23201,295,811
280,2523,228,847
1700,34000,276,723
1180,2523,270,1270
680,7223,290,1281
1780,37000,225,800
880,523,230,1227
-100,28003,270,811
1700,31020,260,825
1580,2000,228,787
5100,13000,310,725
-100,12000,270,1485
200,12100,259,827
1700,7423,260,700
1700,423,230,827
1600,14000,255,1215
880,10910,228,804
1200,900,290,1213
2220,2502,260,1481
-200,10321,225,827
1700,8737,228,847
1700,10533,228,812
1780,30900,232,740
800,2723,290,1281
1780,10900,290,1211
780,723,225,700
1700,34000,290,1485
1600,34000,276,803
700,34000,223,913
1780,37120,290,805
1700,34029,260,923
980,7503,270,1471
1200,28002,272,720
1780,30800,228,713
1780,7507,276,1210
2700,38120,250,827
1780,17000,252,725
780,34628,275,1473
100,22220,223,713
1800,37820,228,805
1200,2000,270,764
1800,7509,228,700
200,34320,280,1212
-100,423,268,714
1980,2000,272,1485
5100,3917,230,764
5100,14821,270,1211
4700,509,256,705
700,423,276,1215
-200,34029,248,825
180,34140,310,1485
1780,34009,230,703
7500,510,705,
1800,34003,250,703
200,17500,266,713
-100,24000,270,701
1100,37500,229,860
1800,34000,270,700
1800,28000,228,702
1200,7003,225,827
780,32000,230,845
780,22820,238,713
180,10000,250,710
1700,832,250,1215
100,18222,270,1400
280,1220,270,1271
1200,10823,232,1217
-100,1410,230,1211
1180,7003,225,735
700,30000,250,800
1200,11020,258,827
1980,30809,276,1281
1180,14000,270,805
1700,3462,270,1272
700,423,272,1213
800,20000,226,805
100,1567,272,1287
100,34810,270,1287
700,7913,228,941
700,32000,250,827
880,4200,270,1287
780,14000,270,880
1200,519,228,735
1780,34000,270,805
-100,2523,290,1211
900,12000,270,713
800,7107,230,713
1280,24901,228,1485
780,2827,270,1473
700,38000,270,703
1200,2503,230,1257
1700,24000,272,1485
3800,24461,299,1227
280,34800,225,747
700,12000,240,817
1280,34020,260,807
1780,34200,276,874
1800,22269,230,805
1200,14003,230,817
100,30201,249,1485
1280,14000,252,803
-100,1200,230,1247
700,7703,250,1210
1700,8503,290,1272
700,38000,252,807
110,10260,270,873
1100,2703,276,764
780,30503,228,805
700,34000,258,703
1800,8009,250,903
1700,14100,290,703
1200,503,235,1287
1700,28130,252,813
280,32801,250,1211
1100,500,223,711
1200,23800,250,822
1900,7533,298,760
700,10302,270,1271
4700,1020,270,1485
1700,11730,230,1213
1580,12000,225,705
-200,2523,250,713
280,10500,272,720
2700,14721,270,823
1100,33222,296,747
780,32000,250,745
1800,34000,270,1485
1780,503,232,713
200,1240,270,873
1200,14901,229,827
1780,300,272,1271
1780,2903,290,1211
1800,12609,226,1287
1480,34061,240,1417
780,23000,295,1287
1280,1523,270,780
780,37121,290,1211
1800,423,252,1282
1100,509,270,1213
1880,34801,256,813
280,37503,223,800
1100,14620,276,1221
1700,7403,292,1211
-100,30002,310,917
-100,2323,230,1277
1800,38010,292,805
1100,17000,228,813
1800,3643,290,1211
1700,1003,270,800
1100,14100,280,1470
4500,23120,230,827
3180,32000,270,1285
4280,31001,230,1481
4800,38120,292,825
-100,710,270,1211
700,17600,230,815
1780,7503,270,1401
1700,17000,230,864
780,17000,270,700
1800,34000,270,713
1780,4809,230,1287
-100,33809,272,720
4200,25220,270,1285
700,7403,250,1271
-200,23020,279,803
5100,8703,310,715
180,9223,266,1405
1200,2500,250,1213
880,10000,276,703
100,2100,230,811
700,30203,240,1287
4600,11220,296,1473
700,32300,290,805
1160,33521,228,827
200,2000,228,713
880,34120,276,713
1100,35300,240,1215
1700,7000,228,947
200,2500,226,703
100,1367,292,1211
1780,2503,223,710
800,11000,280,1241
1100,27000,256,705
100,1220,223,805
800,34000,270,727
1700,2422,232,1213
780,27307,290,1211
1200,7503,230,827
780,12020,228,704
780,443,223,1201
280,37000,272,785
2100,7913,258,817
1100,38120,230,805
-200,34820,270,1277
780,7503,246,1211
1800,34800,230,821
4700,11800,276,843
1900,34801,230,825
3200,34110,292,1485
200,18323,290,827
700,519,225,713
180,34000,252,813
1780,31000,270,1273
780,34802,294,1411
1980,34800,238,1472
780,17000,250,847
780,2000,225,715
1280,959,292,1274
-200,2200,292,827
-200,1000,270,760
3100,12300,270,1287
1100,523,242,1413
200,17500,275,847
1900,31100,296,1272
-180,14500,276,1211
1800,10352,276,1213
1200,1503,242,827
1780,14000,270,713
1780,34460,290,1213
780,32001,275,715
1800,423,228,744
1100,34000,290,827
-100,423,225,1211
3700,24200,260,1483
1100,17332,240,1272
1100,722,272,1281
1000,34620,230,803
130,32800,236,1213
-200,33503,230,877
1200,34011,250,805
1700,517,230,865
-200,38020,232,900
700,903,250,827
880,20831,292,1473
1580,1823,270,1212
200,34003,228,803
3700,32000,290,827
1780,12000,250,1287
700,37009,226,710
200,2103,225,827
800,34703,295,1485
800,34820,290,1271
1800,34000,270,805
1700,34800,230,822
780,34000,292,723
800,37003,270,1103
780,34000,296,827
1800,2000,275,713
1980,34000,230,827
800,33801,272,1400
1100,34000,230,711
1700,34000,292,703
1800,32804,223,827
1900,529,292,714
1880,7503,270,1211
700,4803,270,1212
3900,18003,228,805
1200,34800,236,827
1800,34001,230,810
1050,34850,242,837
700,12000,270,713
1200,33600,225,705
780,10000,228,765
1100,27100,279,813
2700,10600,252,1287
1780,7503,228,785
800,34810,289,1475
800,31000,230,805
1880,7903,223,814
3280,20802,228,1211
1900,34800,255,800
4680,38000,242,705
1900,38120,310,1227
1200,38000,292,700
2500,7021,228,815
1180,32000,276,827
700,34000,270,827
800,32000,310,817
-100,34016,276,821
2200,14503,272,1471
4100,14000,270,713
1100,30707,230,713
-100,11200,299,1211
880,2120,290,700
1280,1423,278,1485
5180,10332,276,1483
-200,34611,290,1287
1200,1020,228,887
1800,2560,228,1287
1800,7209,252,1284
1200,2820,228,827
700,30000,238,705
1780,9503,252,1287
1280,13000,239,825
1800,32000,270,705
1780,7503,275,1287
1100,34000,240,700
1780,34800,260,825
1700,12300,228,1211
200,423,272,1480
1200,12121,276,827
1780,7220,228,710
-200,2500,270,713
200,14000,228,700
2500,11623,290,713
5100,27623,290,1217
800,11000,270,705
800,919,223,887
1700,34000,290,805
1280,729,270,1211
1100,34621,290,975
1780,34000,228,703
780,14000,276,1415
800,34800,276,1211
1100,20000,270,810
1900,34000,232,713
1780,2623,295,1470
1700,34000,252,713
-200,1500,228,817
1780,24020,226,805
1780,7900,232,703
1180,500,255,713
780,34000,270,1415
800,7723,225,764
980,12130,260,1257
1780,433,230,1285
800,2000,255,785
280,2867,274,1217
1700,2003,230,715
1100,24440,270,1202
1280,20562,270,703
1780,30421,246,1287
700,23010,276,805
700,7903,272,1211
1780,7503,232,847
1200,500,225,767
800,32000,250,847
780,8520,290,1285
800,38120,230,800
-200,3503,228,710
1100,38000,290,710
1200,1103,290,1211
1780,4220,270,703
1100,7908,270,1261
700,7700,230,764
1700,10003,228,805
1800,513,225,847
800,2700,232,820
200,34000,225,817
880,32000,250,815
1270,22123,255,1473
780,32000,290,1485
1280,30100,272,827
1280,32800,230,1412
780,7003,272,1205
700,427,230,1285
1780,1201,250,1281
780,34901,256,915
100,2543,226,1211
1200,38100,250,827
1280,17120,230,713
1100,503,232,1214
1800,2000,228,713
3080,2003,275,1287
1780,34021,230,1471
1700,7523,238,817
4780,319,295,1211
5100,34803,292,1217
-200,17003,228,700
1800,2500,228,827
1180,34061,270,1277
1100,28000,268,805
1710,38120,292,805
1800,4103,276,780
1980,34001,228,703
-200,7903,223,811
1700,12000,228,705
1400,11000,270,705
1780,7523,270,1281
1700,7507,230,710
200,34100,272,1473
200,32327,270,1473
1800,909,290,723
700,33000,250,827
3100,35720,270,1221
5100,32200,292,961
3500,230,255,710
700,37009,230,713
3200,38120,310,915
1084,12802,276,1287
100,24000,249,720
700,2603,228,1281
880,34000,276,785
800,34701,270,827
1100,1203,228,1473
-100,38120,272,721
1180,14000,270,1287
1700,14000,292,715
1180,23800,250,1284
1780,34800,270,723
900,919,255,820
180,10903,228,703
1280,34000,250,827
2500,14800,238,875
700,22961,230,820
280,2003,250,825
1780,20837,276,1473
100,1220,278,1271
1100,11000,250,730
1780,34001,250,1413
1700,11901,250,821
2700,17609,240,827
1800,7403,228,784
-100,2627,290,1272
1200,31500,270,1213
1800,32819,259,713
-200,7503,265,715
-100,1019,250,827
800,24000,230,1287
5100,17903,228,713
700,30200,225,713
1760,33000,272,1483
1700,34800,296,720
1800,4419,242,1211
880,34401,230,827
200,7909,232,827
200,20701,252,700
80,34021,270,1272
880,10360,279,1280
4700,1000,236,847
200,7503,232,1213
700,7100,280,780
1900,21103,228,1424
1780,1503,228,804
1980,10603,230,805
1700,32000,252,1473
3280,29620,228,867
800,7523,228,863
780,2469,250,1202
1700,34000,270,927
1100,4000,223,710
1100,32000,270,713
1700,1560,228,1217
780,17609,269,764
700,38000,250,805
500,32020,236,902
780,523,276,1285
1700,27523,290,1213
700,17700,230,1211
1280,32820,250,1287
-100,7703,225,825
100,14200,299,983
2500,18000,271,827
700,12000,228,805
4200,452,260,1281
1700,23000,230,827
800,32000,290,810
1780,17332,292,1287
1800,1220,280,1285
3130,2503,228,1213
700,24020,270,812
700,9559,236,715
1780,34102,290,700
1800,34601,230,1287
1100,23000,225,827
700,7500,228,847
1800,17600,290,710
100,2713,270,1272
910,7643,265,1211
700,10303,258,710
200,7909,228,827
-200,11001,275,723
700,819,268,710
1080,10000,278,1211
880,30100,225,773
1200,34000,270,827
1900,7120,228,703
1280,1523,270,1211
1780,34121,246,1281
780,1001,278,813
100,22333,230,1281
1200,34000,290,1287
1080,33021,230,1482
1780,7103,270,800
200,10000,270,727
1780,1120,270,1215
700,14601,225,713
-100,34801,230,1475
5100,2505,270,1277
1700,2763,270,1286
1100,27302,270,1201
1980,33121,292,1473
1780,7503,230,745
1780,28120,230,1485
980,10801,252,703
1800,34000,232,827
-200,14000,280,825
2100,8500,242,1473
200,4963,290,1271
3700,21401,256,1287
800,22800,223,1275
280,11000,270,700
1100,2013,240,1287
1780,2903,228,760
1780,1227,298,1485
200,3900,270,1287
1780,30507,250,1287
1780,32000,298,703
780,34000,223,713
-200,34800,290,807
800,32000,238,827
200,34806,272,821
100,7200,230,727
1250,1209,240,1211
100,12000,270,1415
800,32000,228,703
-100,24000,282,827
200,34000,238,827
3200,12000,235,827
780,34003,290,887
723,238,223,
1780,31003,256,823
1780,12023,295,1217
1800,18020,271,705
1200,34120,296,807
200,30831,232,1472
780,34000,226,827
3700,33101,228,807
1200,34120,276,1277
4500,17000,275,1212
1280,10500,258,837
1100,10100,228,1253
1700,38120,250,827
780,34801,256,810
1200,2700,270,1217
280,30332,260,801
-200,14000,260,805
900,2203,223,887
1200,7320,258,700
1200,38100,292,773
200,34000,272,715
900,34120,230,805
1200,7919,228,713
280,2529,250,1267
-200,2721,290,1217
1740,7509,228,867
800,34821,272,1272
2800,22441,246,1287
1130,31839,230,1287
3200,7513,270,764
1780,34801,234,1445
200,31801,270,1480
1780,17303,272,713
200,520,228,723
800,38120,310,825
